const unsigned char ota_image_bin[] = {
0xAB, 0xEF, 0xCD, 0xAB, 0xCC, 0x5F, 0x00, 0x00, 0x02, 0xCE, 0x27, 0x6F, 
0x07, 0x00, 0x00, 0x00, 0x00, 0x50, 0x00, 0x20, 0x69, 0x5F, 0x00, 0x08, 
0xA1, 0x5D, 0x00, 0x08, 0xA9, 0x5D, 0x00, 0x08, 0xB1, 0x5D, 0x00, 0x08, 
0xB9, 0x5D, 0x00, 0x08, 0xC1, 0x5D, 0x00, 0x08, 0x00, 0x00, 0x00, 0x00, 
0x00, 0x00, 0x00, 0x00, 0x00, 0x00, 0x00, 0x00, 0x00, 0x00, 0x00, 0x00, 
0xC9, 0x5D, 0x00, 0x08, 0xD5, 0x5D, 0x00, 0x08, 0x00, 0x00, 0x00, 0x00, 
0xE1, 0x5D, 0x00, 0x08, 0xED, 0x5D, 0x00, 0x08, 0xB1, 0x5F, 0x00, 0x08, 
0xB1, 0x5F, 0x00, 0x08, 0xB1, 0x5F, 0x00, 0x08, 0xB1, 0x5F, 0x00, 0x08, 
0xB1, 0x5F, 0x00, 0x08, 0xB1, 0x5F, 0x00, 0x08, 0xB1, 0x5F, 0x00, 0x08, 
0xB1, 0x5F, 0x00, 0x08, 0xB1, 0x5F, 0x00, 0x08, 0xB1, 0x5F, 0x00, 0x08, 
0xB1, 0x5F, 0x00, 0x08, 0xB1, 0x5F, 0x00, 0x08, 0xB1, 0x5F, 0x00, 0x08, 
0xB1, 0x5F, 0x00, 0x08, 0xB1, 0x5F, 0x00, 0x08, 0xB1, 0x5F, 0x00, 0x08, 
0xF9, 0x5D, 0x00, 0x08, 0xB1, 0x5F, 0x00, 0x08, 0xB1, 0x5F, 0x00, 0x08, 
0xB1, 0x5F, 0x00, 0x08, 0xB1, 0x5F, 0x00, 0x08, 0xB1, 0x5F, 0x00, 0x08, 
0xB1, 0x5F, 0x00, 0x08, 0x0D, 0x5E, 0x00, 0x08, 0xB1, 0x5F, 0x00, 0x08, 
0xB1, 0x5F, 0x00, 0x08, 0xB1, 0x5F, 0x00, 0x08, 0xB1, 0x5F, 0x00, 0x08, 
0xB1, 0x5F, 0x00, 0x08, 0xB1, 0x5F, 0x00, 0x08, 0xB1, 0x5F, 0x00, 0x08, 
0xB1, 0x5F, 0x00, 0x08, 0xB1, 0x5F, 0x00, 0x08, 0xB1, 0x5F, 0x00, 0x08, 
0xB1, 0x5F, 0x00, 0x08, 0xB1, 0x5F, 0x00, 0x08, 0xB1, 0x5F, 0x00, 0x08, 
0xB1, 0x5F, 0x00, 0x08, 0xB1, 0x5F, 0x00, 0x08, 0xB1, 0x5F, 0x00, 0x08, 
0xB1, 0x5F, 0x00, 0x08, 0xB1, 0x5F, 0x00, 0x08, 0xB1, 0x5F, 0x00, 0x08, 
0x00, 0x00, 0x00, 0x00, 0x00, 0x00, 0x00, 0x00, 0x00, 0x00, 0x00, 0x00, 
0x00, 0x00, 0x00, 0x00, 0x00, 0x00, 0x00, 0x00, 0x00, 0x00, 0x00, 0x00, 
0x00, 0x00, 0x00, 0x00, 0x5F, 0xF8, 0x08, 0xF1, 0x10, 0xB5, 0x05, 0x4C, 
0x23, 0x78, 0x33, 0xB9, 0x04, 0x4B, 0x13, 0xB1, 0x04, 0x48, 0xAF, 0xF3, 
0x00, 0x80, 0x01, 0x23, 0x23, 0x70, 0x10, 0xBD, 0x68, 0x00, 0x00, 0x20, 
0x00, 0x00, 0x00, 0x00, 0xD0, 0x9A, 0x00, 0x08, 0x08, 0xB5, 0x03, 0x4B, 
0x1B, 0xB1, 0x03, 0x49, 0x03, 0x48, 0xAF, 0xF3, 0x00, 0x80, 0x08, 0xBD, 
0x00, 0x00, 0x00, 0x00, 0x6C, 0x00, 0x00, 0x20, 0xD0, 0x9A, 0x00, 0x08, 
0x10, 0xF8, 0x01, 0x2B, 0x11, 0xF8, 0x01, 0x3B, 0x01, 0x2A, 0x28, 0xBF, 
0x9A, 0x42, 0xF7, 0xD0, 0xD0, 0x1A, 0x70, 0x47, 0x03, 0x46, 0x13, 0xF8, 
0x01, 0x2B, 0x00, 0x2A, 0xFB, 0xD1, 0x18, 0x1A, 0x01, 0x38, 0x70, 0x47, 
0x80, 0xB4, 0x00, 0xAF, 0x05, 0x4B, 0xDB, 0x6B, 0x1B, 0x68, 0x5B, 0x68, 
0x9B, 0xB2, 0xC3, 0xF5, 0x80, 0x63, 0x9B, 0xB2, 0x18, 0x46, 0xBD, 0x46, 
0x80, 0xBC, 0x70, 0x47, 0x64, 0x0F, 0x00, 0x20, 0x80, 0xB5, 0x00, 0xAF, 
0xFF, 0xF7, 0xEC, 0xFF, 0x03, 0x46, 0x1A, 0x46, 0x04, 0x4B, 0x1A, 0x80, 
0x4F, 0xF4, 0x00, 0x62, 0x00, 0x21, 0x03, 0x48, 0x04, 0xF0, 0x1A, 0xFB, 
0x00, 0xBF, 0x80, 0xBD, 0x88, 0x04, 0x00, 0x20, 0x8C, 0x04, 0x00, 0x20, 
0x80, 0xB5, 0x00, 0xAF, 0x15, 0x48, 0x04, 0xF0, 0xE9, 0xF9, 0x4F, 0xF4, 
0x7A, 0x70, 0x01, 0xF0, 0x57, 0xFD, 0x4F, 0xF4, 0x80, 0x62, 0x12, 0x49, 
0x12, 0x48, 0x03, 0xF0, 0x61, 0xFD, 0xFF, 0xF7, 0xDB, 0xFF, 0x4F, 0xF4, 
0xFA, 0x62, 0x10, 0x49, 0x10, 0x48, 0x00, 0xF0, 0x25, 0xF8, 0x03, 0x46, 
0x00, 0x2B, 0x01, 0xD0, 0x01, 0x23, 0x0E, 0xE0, 0x4F, 0xF4, 0xFA, 0x62, 
0x0A, 0x49, 0x0C, 0x48, 0x00, 0xF0, 0x1A, 0xF8, 0x03, 0x46, 0x00, 0x2B, 
0x01, 0xD0, 0x01, 0x23, 0x03, 0xE0, 0x09, 0x48, 0x04, 0xF0, 0xC4, 0xF9, 
0x00, 0x23, 0x18, 0x46, 0x80, 0xBD, 0x00, 0xBF, 0xE8, 0x9A, 0x00, 0x08, 
0x88, 0x00, 0x00, 0x20, 0x64, 0x0F, 0x00, 0x20, 0x08, 0x9B, 0x00, 0x08, 
0x0C, 0x9B, 0x00, 0x08, 0x14, 0x9B, 0x00, 0x08, 0x1C, 0x9B, 0x00, 0x08, 
0x80, 0xB5, 0x88, 0xB0, 0x00, 0xAF, 0xF8, 0x60, 0xB9, 0x60, 0x7A, 0x60, 
0x01, 0xF0, 0x12, 0xFD, 0xF8, 0x61, 0xFF, 0xF7, 0xA5, 0xFF, 0xFB, 0x68, 
0x00, 0x2B, 0x55, 0xD0, 0xFB, 0x68, 0x1B, 0x78, 0x00, 0x2B, 0x51, 0xD0, 
0xF9, 0x68, 0x31, 0x48, 0x04, 0xF0, 0x34, 0xF9, 0xF8, 0x68, 0xFF, 0xF7, 
0x7F, 0xFF, 0x03, 0x46, 0x9A, 0xB2, 0x4F, 0xF0, 0xFF, 0x33, 0xF9, 0x68, 
0x2C, 0x48, 0x03, 0xF0, 0x88, 0xFC, 0x41, 0xE0, 0xFF, 0xF7, 0x7C, 0xFF, 
0x03, 0x46, 0x7B, 0x83, 0x36, 0xE0, 0x29, 0x4B, 0x1B, 0x88, 0x9B, 0xB2, 
0x5A, 0x1C, 0x91, 0xB2, 0x26, 0x4A, 0x11, 0x80, 0x1A, 0x46, 0x26, 0x4B, 
0x9B, 0x5C, 0x7B, 0x76, 0x23, 0x4B, 0x1B, 0x88, 0x9B, 0xB2, 0xB3, 0xF5, 
0x80, 0x6F, 0x02, 0xD3, 0x20, 0x4B, 0x00, 0x22, 0x1A, 0x80, 0x21, 0x48, 
0xFF, 0xF7, 0x5A, 0xFF, 0x78, 0x61, 0x7B, 0x69, 0x40, 0xF2, 0xFE, 0x72, 
0x93, 0x42, 0x09, 0xD8, 0x1C, 0x4A, 0x7B, 0x69, 0x13, 0x44, 0x7A, 0x7E, 
0x1A, 0x70, 0x7B, 0x69, 0x01, 0x33, 0x19, 0x4A, 0x00, 0x21, 0xD1, 0x54, 
0xBB, 0x68, 0x00, 0x2B, 0x0C, 0xD0, 0xB9, 0x68, 0x15, 0x48, 0x04, 0xF0, 
0xAB, 0xFA, 0x03, 0x46, 0x00, 0x2B, 0x05, 0xD0, 0xB9, 0x68, 0x13, 0x48, 
0x04, 0xF0, 0xEE, 0xF8, 0x00, 0x23, 0x12, 0xE0, 0x0D, 0x4B, 0x1B, 0x88, 
0x9B, 0xB2, 0x7A, 0x8B, 0x9A, 0x42, 0xC2, 0xD1, 0x01, 0xF0, 0xB4, 0xFC, 
0x02, 0x46, 0xFB, 0x69, 0xD3, 0x1A, 0x7A, 0x68, 0x9A, 0x42, 0xB5, 0xD8, 
0x08, 0x49, 0x0A, 0x48, 0x04, 0xF0, 0xDA, 0xF8, 0x02, 0x23, 0x18, 0x46, 
0x20, 0x37, 0xBD, 0x46, 0x80, 0xBD, 0x00, 0xBF, 0x48, 0x9B, 0x00, 0x08, 
0x64, 0x0F, 0x00, 0x20, 0x88, 0x04, 0x00, 0x20, 0x88, 0x00, 0x00, 0x20, 
0x8C, 0x04, 0x00, 0x20, 0x60, 0x9B, 0x00, 0x08, 0x7C, 0x9B, 0x00, 0x08, 
0x80, 0xB5, 0x88, 0xB0, 0x00, 0xAF, 0x78, 0x60, 0x0B, 0x46, 0x7B, 0x80, 
0x40, 0x48, 0x04, 0xF0, 0x25, 0xF9, 0x01, 0x23, 0xFB, 0x61, 0x6D, 0xE0, 
0xFF, 0xF7, 0x1E, 0xFF, 0x41, 0xF2, 0x88, 0x32, 0x3C, 0x49, 0x3D, 0x48, 
0xFF, 0xF7, 0x68, 0xFF, 0x03, 0x46, 0xFB, 0x74, 0xFB, 0x7C, 0x00, 0x2B, 
0x04, 0xD0, 0xF9, 0x69, 0x39, 0x48, 0x04, 0xF0, 0xA9, 0xF8, 0x58, 0xE0, 
0x38, 0x4B, 0xBB, 0x61, 0x00, 0x23, 0x7B, 0x61, 0x24, 0xE0, 0xBB, 0x69, 
0x07, 0x33, 0xBB, 0x61, 0x22, 0x21, 0xB8, 0x69, 0x04, 0xF0, 0x32, 0xFA, 
0xF8, 0x60, 0xFB, 0x68, 0x00, 0x2B, 0x16, 0xD0, 0xFA, 0x68, 0xBB, 0x69, 
0xD2, 0x1A, 0x7B, 0x88, 0x9A, 0x42, 0x10, 0xDA, 0xBB, 0x69, 0x7B, 0x61, 
0xFA, 0x68, 0xBB, 0x69, 0xD3, 0x1A, 0xBB, 0x60, 0xBB, 0x68, 0x1A, 0x46, 
0xB9, 0x69, 0x78, 0x68, 0x04, 0xF0, 0x29, 0xFA, 0xBB, 0x68, 0x7A, 0x68, 
0x13, 0x44, 0x00, 0x22, 0x1A, 0x70, 0xBB, 0x69, 0x01, 0x33, 0xBB, 0x61, 
0x24, 0x49, 0xB8, 0x69, 0x04, 0xF0, 0x30, 0xFA, 0xB8, 0x61, 0xBB, 0x69, 
0x00, 0x2B, 0xD2, 0xD1, 0x7B, 0x69, 0x00, 0x2B, 0x1B, 0xD0, 0x20, 0x49, 
0x78, 0x68, 0xFF, 0xF7, 0xB3, 0xFE, 0x03, 0x46, 0x00, 0x2B, 0x0B, 0xD1, 
0xF9, 0x69, 0x1D, 0x48, 0x04, 0xF0, 0x68, 0xF8, 0x1C, 0x4B, 0x01, 0x22, 
0x1A, 0x70, 0x4F, 0xF4, 0x7A, 0x70, 0x01, 0xF0, 0x3B, 0xFC, 0x10, 0xE0, 
0x79, 0x68, 0x19, 0x48, 0x04, 0xF0, 0x5C, 0xF8, 0x16, 0x4B, 0x02, 0x22, 
0x1A, 0x70, 0x00, 0x23, 0x14, 0xE0, 0xF9, 0x69, 0x15, 0x48, 0x04, 0xF0, 
0x53, 0xF8, 0x4F, 0xF4, 0xFA, 0x70, 0x01, 0xF0, 0x29, 0xFC, 0xFB, 0x69, 
0x01, 0x33, 0xFB, 0x61, 0xFB, 0x69, 0x03, 0x2B, 0x8E, 0xDD, 0x10, 0x48, 
0x04, 0xF0, 0xAE, 0xF8, 0x0B, 0x4B, 0x01, 0x22, 0x1A, 0x70, 0x01, 0x23, 
0x18, 0x46, 0x20, 0x37, 0xBD, 0x46, 0x80, 0xBD, 0x9C, 0x9B, 0x00, 0x08, 
0x08, 0x9B, 0x00, 0x08, 0xBC, 0x9B, 0x00, 0x08, 0xC8, 0x9B, 0x00, 0x08, 
0x8C, 0x04, 0x00, 0x20, 0xF0, 0x9B, 0x00, 0x08, 0xF8, 0x9B, 0x00, 0x08, 
0x00, 0x9C, 0x00, 0x08, 0x84, 0x00, 0x00, 0x20, 0x40, 0x9C, 0x00, 0x08, 
0x54, 0x9C, 0x00, 0x08, 0x84, 0x9C, 0x00, 0x08, 0x80, 0xB5, 0xA6, 0xB0, 
0x02, 0xAF, 0xF8, 0x60, 0xB9, 0x60, 0x7A, 0x60, 0x7B, 0x80, 0x4F, 0xF4, 
0xFA, 0x62, 0x12, 0x49, 0x12, 0x48, 0xFF, 0xF7, 0xCF, 0xFE, 0x07, 0xF1, 
0x10, 0x00, 0xBB, 0x68, 0x00, 0x93, 0xFB, 0x68, 0x0F, 0x4A, 0x80, 0x21, 
0x04, 0xF0, 0x80, 0xF8, 0x07, 0xF1, 0x10, 0x03, 0x42, 0xF2, 0x10, 0x72, 
0x0C, 0x49, 0x18, 0x46, 0xFF, 0xF7, 0xBE, 0xFE, 0x03, 0x46, 0x00, 0x2B, 
0x01, 0xD0, 0x01, 0x23, 0x05, 0xE0, 0x7B, 0x88, 0x19, 0x46, 0x78, 0x68, 
0xFF, 0xF7, 0x38, 0xFF, 0x03, 0x46, 0x18, 0x46, 0x90, 0x37, 0xBD, 0x46, 
0x80, 0xBD, 0x00, 0xBF, 0x08, 0x9B, 0x00, 0x08, 0xB0, 0x9C, 0x00, 0x08, 
0xC0, 0x9C, 0x00, 0x08, 0xD8, 0x9C, 0x00, 0x08, 0x80, 0xB5, 0x00, 0xAF, 
0x4F, 0xF4, 0x3C, 0x41, 0x00, 0x20, 0x00, 0xF0, 0x2C, 0xFE, 0x00, 0xBF, 
0x80, 0xBD, 0x00, 0x00, 0x80, 0xB5, 0xAD, 0xF5, 0x08, 0x7D, 0x00, 0xAF, 
0x07, 0xF5, 0x08, 0x73, 0xA3, 0xF5, 0x05, 0x73, 0x18, 0x60, 0x07, 0xF5, 
0x08, 0x73, 0xA3, 0xF5, 0x06, 0x73, 0x19, 0x60, 0x07, 0xF5, 0x08, 0x73, 
0xA3, 0xF5, 0x07, 0x73, 0x1A, 0x60, 0x07, 0xF5, 0x08, 0x73, 0xA3, 0xF5, 
0x07, 0x73, 0x1B, 0x68, 0x00, 0x2B, 0x01, 0xD1, 0x01, 0x23, 0xC1, 0xE0, 
0x07, 0xF5, 0x08, 0x73, 0xA3, 0xF5, 0x07, 0x73, 0x1B, 0x68, 0x9A, 0xB2, 
0x07, 0xF1, 0x14, 0x01, 0x07, 0xF5, 0x08, 0x73, 0xA3, 0xF5, 0x05, 0x73, 
0x18, 0x68, 0x00, 0xF0, 0x86, 0xFE, 0x00, 0x23, 0xC7, 0xF8, 0x1C, 0x32, 
0x1D, 0xE0, 0x07, 0xF5, 0x08, 0x73, 0xA3, 0xF5, 0x03, 0x72, 0xD7, 0xF8, 
0x1C, 0x32, 0x13, 0x44, 0x1B, 0x78, 0xFF, 0x2B, 0x0E, 0xD0, 0x07, 0xF5, 
0x08, 0x73, 0xA3, 0xF5, 0x05, 0x73, 0x19, 0x68, 0x52, 0x48, 0x03, 0xF0, 
0xA5, 0xFF, 0x52, 0x48, 0x04, 0xF0, 0x0A, 0xF8, 0x00, 0xF0, 0xF6, 0xFC, 
0xFF, 0x23, 0x95, 0xE0, 0xD7, 0xF8, 0x1C, 0x32, 0x01, 0x33, 0xC7, 0xF8, 
0x1C, 0x32, 0x07, 0xF5, 0x08, 0x73, 0xA3, 0xF5, 0x07, 0x73, 0xD7, 0xF8, 
0x1C, 0x22, 0x1B, 0x68, 0x9A, 0x42, 0xD8, 0xD3, 0x07, 0xF5, 0x08, 0x73, 
0xA3, 0xF5, 0x07, 0x73, 0x1B, 0x68, 0x9A, 0xB2, 0x07, 0xF5, 0x08, 0x73, 
0xA3, 0xF5, 0x06, 0x71, 0x07, 0xF5, 0x08, 0x73, 0xA3, 0xF5, 0x05, 0x73, 
0x09, 0x68, 0x18, 0x68, 0x00, 0xF0, 0xFE, 0xFD, 0x01, 0x20, 0x01, 0xF0, 
0x55, 0xFB, 0x07, 0xF5, 0x08, 0x73, 0xA3, 0xF5, 0x07, 0x73, 0x1B, 0x68, 
0x9A, 0xB2, 0x07, 0xF1, 0x14, 0x01, 0x07, 0xF5, 0x08, 0x73, 0xA3, 0xF5, 
0x05, 0x73, 0x18, 0x68, 0x00, 0xF0, 0x37, 0xFE, 0x07, 0xF5, 0x08, 0x73, 
0xA3, 0xF5, 0x07, 0x72, 0x07, 0xF1, 0x14, 0x01, 0x07, 0xF5, 0x08, 0x73, 
0xA3, 0xF5, 0x06, 0x73, 0x12, 0x68, 0x18, 0x68, 0x04, 0xF0, 0xDC, 0xF8, 
0xC7, 0xF8, 0x14, 0x02, 0xD7, 0xF8, 0x14, 0x32, 0x00, 0x2B, 0x4E, 0xD0, 
0x07, 0xF5, 0x08, 0x73, 0xA3, 0xF5, 0x07, 0x72, 0x07, 0xF5, 0x08, 0x73, 
0xA3, 0xF5, 0x05, 0x73, 0x12, 0x68, 0x19, 0x68, 0x27, 0x48, 0x03, 0xF0, 
0x4B, 0xFF, 0x00, 0x23, 0xC7, 0xF8, 0x18, 0x32, 0x30, 0xE0, 0x07, 0xF5, 
0x08, 0x73, 0xA3, 0xF5, 0x06, 0x73, 0x1A, 0x68, 0xD7, 0xF8, 0x18, 0x32, 
0x13, 0x44, 0x1A, 0x78, 0x07, 0xF5, 0x08, 0x73, 0xA3, 0xF5, 0x03, 0x71, 
0xD7, 0xF8, 0x18, 0x32, 0x0B, 0x44, 0x1B, 0x78, 0x9A, 0x42, 0x18, 0xD0, 
0x07, 0xF5, 0x08, 0x73, 0xA3, 0xF5, 0x06, 0x73, 0x1A, 0x68, 0xD7, 0xF8, 
0x18, 0x32, 0x13, 0x44, 0x1B, 0x78, 0x19, 0x46, 0x07, 0xF5, 0x08, 0x73, 
0xA3, 0xF5, 0x03, 0x72, 0xD7, 0xF8, 0x18, 0x32, 0x13, 0x44, 0x1B, 0x78, 
0x0A, 0x46, 0xD7, 0xF8, 0x18, 0x12, 0x11, 0x48, 0x03, 0xF0, 0x1C, 0xFF, 
0x0D, 0xE0, 0xD7, 0xF8, 0x18, 0x32, 0x01, 0x33, 0xC7, 0xF8, 0x18, 0x32, 
0x07, 0xF5, 0x08, 0x73, 0xA3, 0xF5, 0x07, 0x73, 0xD7, 0xF8, 0x18, 0x22, 
0x1B, 0x68, 0x9A, 0x42, 0xC5, 0xD3, 0x00, 0xF0, 0x61, 0xFC, 0xFE, 0x23, 
0x00, 0xE0, 0x00, 0x23, 0x18, 0x46, 0x07, 0xF5, 0x08, 0x77, 0xBD, 0x46, 
0x80, 0xBD, 0x00, 0xBF, 0xE8, 0x9C, 0x00, 0x08, 0x20, 0x9D, 0x00, 0x08, 
0x48, 0x9D, 0x00, 0x08, 0x8C, 0x9D, 0x00, 0x08, 0x80, 0xB5, 0x8A, 0xB0, 
0x00, 0xAF, 0x78, 0x60, 0x0B, 0x46, 0x7B, 0x80, 0x7B, 0x88, 0x00, 0x2B, 
0x00, 0xF0, 0x88, 0x82, 0x7B, 0x88, 0x19, 0x46, 0x76, 0x48, 0x03, 0xF0, 
0xEB, 0xFE, 0x00, 0x23, 0xFB, 0x84, 0x6A, 0xE2, 0x74, 0x4B, 0x1B, 0x78, 
0x00, 0x2B, 0x40, 0xF0, 0xCF, 0x80, 0x7A, 0x88, 0xFB, 0x8C, 0xD3, 0x1A, 
0x05, 0x2B, 0x42, 0xDD, 0xFB, 0x8C, 0x7A, 0x68, 0x13, 0x44, 0x06, 0x22, 
0x6E, 0x49, 0x18, 0x46, 0x04, 0xF0, 0x54, 0xF8, 0x03, 0x46, 0x00, 0x2B, 
0x15, 0xD0, 0xFB, 0x8C, 0x7A, 0x68, 0x13, 0x44, 0x08, 0x22, 0x6A, 0x49, 
0x18, 0x46, 0x04, 0xF0, 0x49, 0xF8, 0x03, 0x46, 0x00, 0x2B, 0x0A, 0xD0, 
0xFB, 0x8C, 0x7A, 0x68, 0x13, 0x44, 0x05, 0x22, 0x65, 0x49, 0x18, 0x46, 
0x04, 0xF0, 0x3E, 0xF8, 0x03, 0x46, 0x00, 0x2B, 0x21, 0xD1, 0x63, 0x4B, 
0x19, 0x68, 0x63, 0x4B, 0x5B, 0x68, 0x10, 0x33, 0x1A, 0x46, 0x62, 0x48, 
0x03, 0xF0, 0xB4, 0xFE, 0x5E, 0x4B, 0x1B, 0x68, 0x00, 0x2B, 0x01, 0xD1, 
0x00, 0xF0, 0x04, 0xFC, 0x5B, 0x4B, 0x1B, 0x68, 0x03, 0xF5, 0x00, 0x72, 
0x5A, 0x4B, 0x5B, 0x68, 0x10, 0x33, 0x9A, 0x42, 0x05, 0xD3, 0x5A, 0x48, 
0x03, 0xF0, 0x0A, 0xFF, 0x00, 0xF0, 0xD6, 0xFB, 0x37, 0xE2, 0x58, 0x48, 
0x03, 0xF0, 0x04, 0xFF, 0x33, 0xE2, 0x7A, 0x88, 0xFB, 0x8C, 0xD3, 0x1A, 
0x04, 0x2B, 0x7D, 0xDD, 0xFB, 0x8C, 0x7A, 0x68, 0x13, 0x44, 0x05, 0x22, 
0x52, 0x49, 0x18, 0x46, 0x04, 0xF0, 0x0C, 0xF8, 0x03, 0x46, 0x00, 0x2B, 
0x72, 0xD1, 0xFB, 0x8C, 0x05, 0x33, 0xFB, 0x84, 0xFA, 0x8C, 0x7B, 0x88, 
0x9A, 0x42, 0x1A, 0xD2, 0xFB, 0x8C, 0x7A, 0x68, 0x13, 0x44, 0x1B, 0x78, 
0x2F, 0x2B, 0x14, 0xD9, 0xFB, 0x8C, 0x7A, 0x68, 0x13, 0x44, 0x1B, 0x78, 
0x34, 0x2B, 0x0E, 0xD8, 0xFB, 0x8C, 0x5A, 0x1C, 0x7B, 0x88, 0x9A, 0x42, 
0x09, 0xDA, 0xFB, 0x8C, 0x01, 0x33, 0x7A, 0x68, 0x13, 0x44, 0x1B, 0x78, 
0x2C, 0x2B, 0x02, 0xD1, 0xFB, 0x8C, 0x02, 0x33, 0xFB, 0x84, 0x3F, 0x4B, 
0x00, 0x22, 0x1A, 0x60, 0x00, 0x23, 0x87, 0xF8, 0x25, 0x30, 0x16, 0xE0, 
0x3B, 0x4B, 0x1A, 0x68, 0x13, 0x46, 0x9B, 0x00, 0x13, 0x44, 0x5B, 0x00, 
0x19, 0x46, 0xFB, 0x8C, 0x7A, 0x68, 0x13, 0x44, 0x1B, 0x78, 0x0B, 0x44, 
0x30, 0x3B, 0x35, 0x4A, 0x13, 0x60, 0xFB, 0x8C, 0x01, 0x33, 0xFB, 0x84, 
0x97, 0xF8, 0x25, 0x30, 0x01, 0x33, 0x87, 0xF8, 0x25, 0x30, 0xFA, 0x8C, 
0x7B, 0x88, 0x9A, 0x42, 0x0B, 0xD2, 0xFB, 0x8C, 0x7A, 0x68, 0x13, 0x44, 
0x1B, 0x78, 0x2F, 0x2B, 0x05, 0xD9, 0xFB, 0x8C, 0x7A, 0x68, 0x13, 0x44, 
0x1B, 0x78, 0x39, 0x2B, 0xD8, 0xD9, 0x97, 0xF8, 0x25, 0x30, 0x00, 0x2B, 
0x09, 0xD0, 0xFA, 0x8C, 0x7B, 0x88, 0x9A, 0x42, 0x05, 0xD2, 0xFB, 0x8C, 
0x7A, 0x68, 0x13, 0x44, 0x1B, 0x78, 0x3A, 0x2B, 0x06, 0xD0, 0x22, 0x48, 
0x03, 0xF0, 0x92, 0xFE, 0xFB, 0x8C, 0x01, 0x33, 0xFB, 0x84, 0xA8, 0xE1, 
0xFB, 0x8C, 0x01, 0x33, 0xFB, 0x84, 0x12, 0x4B, 0x01, 0x22, 0x1A, 0x70, 
0x1A, 0x4B, 0x1B, 0x68, 0xFA, 0x8C, 0x19, 0x46, 0x1A, 0x48, 0x03, 0xF0, 
0x19, 0xFE, 0x9A, 0xE1, 0xFB, 0x8C, 0x01, 0x33, 0xFB, 0x84, 0x96, 0xE1, 
0x7A, 0x88, 0xFB, 0x8C, 0xD3, 0x1A, 0x7B, 0x84, 0x7A, 0x8C, 0x12, 0x4B, 
0x1B, 0x68, 0x9A, 0x42, 0x02, 0xD9, 0x10, 0x4B, 0x1B, 0x68, 0x7B, 0x84, 
0x7B, 0x8C, 0x00, 0x2B, 0x20, 0xD1, 0x03, 0x4B, 0x00, 0x22, 0x1A, 0x70, 
0x83, 0xE1, 0x00, 0xBF, 0xD0, 0x9D, 0x00, 0x08, 0xA0, 0x0E, 0x00, 0x20, 
0xE8, 0x9D, 0x00, 0x08, 0xF0, 0x9D, 0x00, 0x08, 0xFC, 0x9D, 0x00, 0x08, 
0x94, 0x0E, 0x00, 0x20, 0xB4, 0x0E, 0x00, 0x20, 0x04, 0x9E, 0x00, 0x08, 
0x48, 0x9E, 0x00, 0x08, 0x78, 0x9E, 0x00, 0x08, 0xA0, 0x9E, 0x00, 0x08, 
0xA4, 0x0E, 0x00, 0x20, 0xA8, 0x9E, 0x00, 0x08, 0xD0, 0x9E, 0x00, 0x08, 
0x94, 0x4B, 0x1B, 0x78, 0x00, 0x2B, 0x04, 0xD1, 0xFF, 0xF7, 0xEE, 0xFD, 
0x91, 0x4B, 0x01, 0x22, 0x1A, 0x70, 0x91, 0x4B, 0x1B, 0x68, 0x7B, 0x61, 
0x00, 0x23, 0xFB, 0x61, 0x8F, 0x4B, 0x1B, 0x78, 0x00, 0x2B, 0x40, 0xF0, 
0x91, 0x80, 0x8C, 0x4B, 0x1B, 0x68, 0xC3, 0xF1, 0x10, 0x03, 0x3B, 0x61, 
0x7B, 0x8C, 0x3A, 0x69, 0x9A, 0x42, 0x4B, 0xD8, 0x87, 0x4B, 0x1B, 0x68, 
0x88, 0x4A, 0x98, 0x18, 0xFB, 0x8C, 0x7A, 0x68, 0x13, 0x44, 0x3A, 0x69, 
0x19, 0x46, 0x03, 0xF0, 0xFC, 0xFF, 0x85, 0x4B, 0x18, 0x68, 0xFB, 0x8C, 
0x7A, 0x68, 0x13, 0x44, 0x3A, 0x69, 0x19, 0x46, 0xFF, 0xF7, 0xCE, 0xFD, 
0xFA, 0x69, 0x3B, 0x69, 0x13, 0x44, 0xFB, 0x61, 0x7B, 0x4B, 0x1A, 0x68, 
0x3B, 0x69, 0x13, 0x44, 0x79, 0x4A, 0x13, 0x60, 0x7B, 0x4B, 0x1A, 0x68, 
0x3B, 0x69, 0x13, 0x44, 0x79, 0x4A, 0x13, 0x60, 0x75, 0x4B, 0x1A, 0x68, 
0x7B, 0x69, 0xD3, 0x1A, 0x77, 0x4A, 0x13, 0x60, 0x72, 0x4B, 0x1B, 0x68, 
0x0F, 0x2B, 0x59, 0xD9, 0x71, 0x4B, 0x01, 0x22, 0x1A, 0x70, 0x71, 0x4B, 
0x1B, 0x68, 0x73, 0x4A, 0x93, 0x42, 0x0B, 0xD0, 0x6E, 0x4B, 0x1B, 0x68, 
0x19, 0x46, 0x71, 0x48, 0x03, 0xF0, 0x8C, 0xFD, 0x70, 0x48, 0x03, 0xF0, 
0xF1, 0xFD, 0x00, 0xF0, 0xDD, 0xFA, 0x45, 0xE0, 0x68, 0x4B, 0x19, 0x68, 
0x67, 0x4B, 0x5A, 0x68, 0x66, 0x4B, 0xDB, 0x68, 0x6B, 0x48, 0x03, 0xF0, 
0x7D, 0xFD, 0x3B, 0xE0, 0x61, 0x4B, 0x1B, 0x68, 0x62, 0x4A, 0x98, 0x18, 
0xFB, 0x8C, 0x7A, 0x68, 0x13, 0x44, 0x7A, 0x8C, 0x19, 0x46, 0x03, 0xF0, 
0xB0, 0xFF, 0x5F, 0x4B, 0x18, 0x68, 0xFB, 0x8C, 0x7A, 0x68, 0x13, 0x44, 
0x7A, 0x8C, 0x19, 0x46, 0xFF, 0xF7, 0x82, 0xFD, 0x7A, 0x8C, 0x5A, 0x4B, 
0x1B, 0x68, 0x13, 0x44, 0x58, 0x4A, 0x13, 0x60, 0x7A, 0x8C, 0x54, 0x4B, 
0x1B, 0x68, 0x13, 0x44, 0x52, 0x4A, 0x13, 0x60, 0x51, 0x4B, 0x1A, 0x68, 
0x7B, 0x69, 0xD3, 0x1A, 0x53, 0x4A, 0x13, 0x60, 0x57, 0x4B, 0x1A, 0x68, 
0x51, 0x4B, 0x1B, 0x68, 0x13, 0x44, 0x55, 0x4A, 0x13, 0x60, 0x4B, 0x4B, 
0x1B, 0x68, 0x4E, 0x4A, 0x12, 0x68, 0x19, 0x46, 0x52, 0x48, 0x03, 0xF0, 
0x47, 0xFD, 0x52, 0x4B, 0x1A, 0x68, 0x7B, 0x8C, 0xD3, 0x1A, 0x50, 0x4A, 
0x13, 0x60, 0xD8, 0xE0, 0x43, 0x4B, 0x1B, 0x68, 0x10, 0x3B, 0xFB, 0x60, 
0x7A, 0x8C, 0xFB, 0x69, 0xD3, 0x1A, 0xBB, 0x61, 0xFA, 0x68, 0xBB, 0x69, 
0x1A, 0x44, 0x40, 0x4B, 0x5B, 0x68, 0x9A, 0x42, 0x04, 0xD9, 0x3E, 0x4B, 
0x5A, 0x68, 0xFB, 0x68, 0xD3, 0x1A, 0xBB, 0x61, 0xBB, 0x69, 0x00, 0x2B, 
0x16, 0xD0, 0x3B, 0x4B, 0x18, 0x68, 0xFA, 0x8C, 0xFB, 0x69, 0x13, 0x44, 
0x7A, 0x68, 0x13, 0x44, 0xBA, 0x69, 0x19, 0x46, 0xFF, 0xF7, 0x38, 0xFD, 
0x35, 0x4B, 0x1A, 0x68, 0xBB, 0x69, 0x13, 0x44, 0x33, 0x4A, 0x13, 0x60, 
0x2F, 0x4B, 0x1A, 0x68, 0xBB, 0x69, 0x13, 0x44, 0x2D, 0x4A, 0x13, 0x60, 
0x2C, 0x4B, 0x1A, 0x68, 0x7B, 0x69, 0xD3, 0x1A, 0x2E, 0x4A, 0x13, 0x60, 
0x32, 0x4B, 0x1A, 0x68, 0x2C, 0x4B, 0x1B, 0x68, 0x13, 0x44, 0x30, 0x4A, 
0x13, 0x60, 0x26, 0x4B, 0x1B, 0x68, 0x29, 0x4A, 0x12, 0x68, 0x19, 0x46, 
0x2D, 0x48, 0x03, 0xF0, 0xFD, 0xFC, 0x2B, 0x4B, 0x1B, 0x68, 0xB3, 0xF5, 
0x00, 0x7F, 0x2B, 0xD3, 0x1F, 0x4B, 0x1B, 0x68, 0x1A, 0x46, 0x4F, 0xF4, 
0x00, 0x71, 0x29, 0x48, 0x03, 0xF0, 0xF0, 0xFC, 0x40, 0xF2, 0xDC, 0x52, 
0x27, 0x49, 0x28, 0x48, 0xFF, 0xF7, 0xA0, 0xFB, 0x03, 0x46, 0xFB, 0x72, 
0xFB, 0x7A, 0x00, 0x2B, 0x12, 0xD1, 0x40, 0xF6, 0xC4, 0x12, 0x24, 0x49, 
0x24, 0x48, 0xFF, 0xF7, 0x95, 0xFB, 0x03, 0x46, 0xBB, 0x72, 0xBB, 0x7A, 
0x00, 0x2B, 0x03, 0xD1, 0x21, 0x48, 0x03, 0xF0, 0x3F, 0xFD, 0x06, 0xE0, 
0x20, 0x48, 0x03, 0xF0, 0x3B, 0xFD, 0x02, 0xE0, 0x1F, 0x48, 0x03, 0xF0, 
0x37, 0xFD, 0x14, 0x4B, 0x00, 0x22, 0x1A, 0x60, 0x0B, 0x4B, 0x5B, 0x68, 
0x03, 0xF1, 0x10, 0x02, 0x07, 0x4B, 0x1B, 0x68, 0x9A, 0x42, 0x35, 0xD8, 
0x05, 0x4B, 0x1B, 0x68, 0x19, 0x46, 0x18, 0x48, 0x03, 0xF0, 0xBE, 0xFC, 
0x00, 0xF0, 0xF2, 0xF9, 0x53, 0xE0, 0x00, 0xBF, 0x99, 0x0E, 0x00, 0x20, 
0x94, 0x0E, 0x00, 0x20, 0x98, 0x0E, 0x00, 0x20, 0xB4, 0x0E, 0x00, 0x20, 
0x90, 0x0E, 0x00, 0x20, 0x9C, 0x0E, 0x00, 0x20, 0xAB, 0xEF, 0xCD, 0xAB, 
0x04, 0x9F, 0x00, 0x08, 0x34, 0x9F, 0x00, 0x08, 0x50, 0x9F, 0x00, 0x08, 
0xB0, 0x0E, 0x00, 0x20, 0x90, 0x9F, 0x00, 0x08, 0xA4, 0x0E, 0x00, 0x20, 
0xD0, 0x9F, 0x00, 0x08, 0x08, 0xA0, 0x00, 0x08, 0x0C, 0xA0, 0x00, 0x08, 
0x1C, 0xA0, 0x00, 0x08, 0x24, 0xA0, 0x00, 0x08, 0x28, 0xA0, 0x00, 0x08, 
0x48, 0xA0, 0x00, 0x08, 0x64, 0xA0, 0x00, 0x08, 0x88, 0xA0, 0x00, 0x08, 
0xFA, 0x8C, 0x7B, 0x8C, 0x13, 0x44, 0xFB, 0x84, 0x12, 0x4B, 0x1A, 0x68, 
0x7B, 0x8C, 0xD3, 0x1A, 0x10, 0x4A, 0x13, 0x60, 0x0F, 0x4B, 0x1B, 0x68, 
0x00, 0x2B, 0x02, 0xD1, 0x0E, 0x4B, 0x00, 0x22, 0x1A, 0x70, 0xFA, 0x8C, 
0x7B, 0x88, 0x9A, 0x42, 0xFF, 0xF4, 0x90, 0xAD, 0x0B, 0x4B, 0x1A, 0x68, 
0x0B, 0x4B, 0x1B, 0x68, 0x9A, 0x42, 0x0A, 0xD9, 0x01, 0xF0, 0x40, 0xF8, 
0x03, 0x46, 0x09, 0x4A, 0x13, 0x60, 0x06, 0x4B, 0x1B, 0x68, 0x06, 0x4A, 
0x13, 0x60, 0x00, 0xE0, 0x00, 0xBF, 0x28, 0x37, 0xBD, 0x46, 0x80, 0xBD, 
0xA4, 0x0E, 0x00, 0x20, 0xA0, 0x0E, 0x00, 0x20, 0x94, 0x0E, 0x00, 0x20, 
0xAC, 0x0E, 0x00, 0x20, 0xA8, 0x0E, 0x00, 0x20, 0x80, 0xB5, 0x84, 0xB0, 
0x00, 0xAF, 0x78, 0x60, 0x0B, 0x46, 0x7B, 0x80, 0x00, 0x23, 0xFB, 0x81, 
0xFF, 0xF7, 0xA6, 0xFA, 0x03, 0x46, 0xBB, 0x81, 0x1D, 0x4B, 0x1B, 0x88, 
0x9B, 0xB2, 0xBA, 0x89, 0x9A, 0x42, 0x24, 0xD0, 0x1A, 0x4B, 0x1B, 0x88, 
0x9B, 0xB2, 0x5A, 0x1C, 0x91, 0xB2, 0x18, 0x4A, 0x11, 0x80, 0x1A, 0x46, 
0x17, 0x4B, 0x9B, 0x5C, 0xFB, 0x72, 0x15, 0x4B, 0x1B, 0x88, 0x9B, 0xB2, 
0xB3, 0xF5, 0x80, 0x6F, 0x02, 0xD3, 0x12, 0x4B, 0x00, 0x22, 0x1A, 0x80, 
0xFA, 0x89, 0x7B, 0x88, 0x9A, 0x42, 0x07, 0xD2, 0xFB, 0x89, 0x5A, 0x1C, 
0xFA, 0x81, 0x1A, 0x46, 0x7B, 0x68, 0x13, 0x44, 0xFA, 0x7A, 0x1A, 0x70, 
0xFA, 0x89, 0x7B, 0x88, 0x9A, 0x42, 0x02, 0xD2, 0xD0, 0xE7, 0x00, 0xBF, 
0x00, 0xE0, 0x00, 0xBF, 0xFB, 0x89, 0x00, 0x2B, 0x04, 0xD0, 0xFB, 0x89, 
0x19, 0x46, 0x06, 0x48, 0x03, 0xF0, 0x18, 0xFC, 0xFB, 0x89, 0x18, 0x46, 
0x10, 0x37, 0xBD, 0x46, 0x80, 0xBD, 0x00, 0xBF, 0x88, 0x04, 0x00, 0x20, 
0x88, 0x00, 0x00, 0x20, 0xC0, 0xA0, 0x00, 0x08, 0x80, 0xB5, 0x82, 0xB0, 
0x00, 0xAF, 0x20, 0x4B, 0x1B, 0x78, 0xDB, 0xB2, 0x00, 0x2B, 0x37, 0xD0, 
0x4F, 0xF4, 0x00, 0x71, 0x1D, 0x48, 0xFF, 0xF7, 0xA5, 0xFF, 0x78, 0x60, 
0x7B, 0x68, 0x00, 0x2B, 0x05, 0xDD, 0x7B, 0x68, 0x9B, 0xB2, 0x19, 0x46, 
0x18, 0x48, 0xFF, 0xF7, 0xFB, 0xFC, 0x00, 0xF0, 0xC3, 0xFF, 0x38, 0x60, 
0x14, 0x4B, 0x1B, 0x78, 0xDB, 0xB2, 0x00, 0x2B, 0x21, 0xD0, 0x14, 0x4B, 
0x1B, 0x68, 0x3A, 0x68, 0xD3, 0x1A, 0xB3, 0xF5, 0xFA, 0x5F, 0x1A, 0xD9, 
0x11, 0x4B, 0x1A, 0x68, 0x11, 0x4B, 0x1B, 0x68, 0x9A, 0x42, 0x0B, 0xD1, 
0x0E, 0x4B, 0x19, 0x68, 0x0F, 0x4B, 0x5B, 0x68, 0x10, 0x33, 0x1A, 0x46, 
0x0E, 0x48, 0x03, 0xF0, 0xD7, 0xFB, 0x00, 0xF0, 0x2B, 0xF9, 0x08, 0xE0, 
0x08, 0x4B, 0x1B, 0x68, 0x08, 0x4A, 0x13, 0x60, 0x05, 0x4A, 0x3B, 0x68, 
0x13, 0x60, 0x00, 0xE0, 0x00, 0xBF, 0x08, 0x37, 0xBD, 0x46, 0x80, 0xBD, 
0x85, 0x00, 0x00, 0x20, 0x90, 0x0C, 0x00, 0x20, 0xA8, 0x0E, 0x00, 0x20, 
0x94, 0x0E, 0x00, 0x20, 0xAC, 0x0E, 0x00, 0x20, 0xB4, 0x0E, 0x00, 0x20, 
0xE4, 0xA0, 0x00, 0x08, 0x90, 0xB5, 0xAD, 0xB0, 0x02, 0xAF, 0xFF, 0xF7, 
0x2F, 0xFA, 0x03, 0x46, 0x00, 0x2B, 0x40, 0xF0, 0xA3, 0x80, 0x56, 0x48, 
0x03, 0xF0, 0x16, 0xFC, 0x07, 0xF1, 0x94, 0x02, 0x10, 0x23, 0x54, 0x49, 
0x54, 0x48, 0xFF, 0xF7, 0x81, 0xFB, 0x03, 0x46, 0x00, 0x2B, 0x40, 0xF0, 
0x97, 0x80, 0x52, 0x48, 0x03, 0xF0, 0x08, 0xFC, 0x00, 0xF0, 0x6E, 0xFF, 
0xC7, 0xF8, 0xA4, 0x00, 0x00, 0xBF, 0x4F, 0x4B, 0x1B, 0x78, 0x02, 0x2B, 
0x09, 0xD0, 0x00, 0xF0, 0x65, 0xFF, 0x02, 0x46, 0xD7, 0xF8, 0xA4, 0x30, 
0xD3, 0x1A, 0x41, 0xF2, 0x87, 0x32, 0x93, 0x42, 0xF1, 0xD9, 0x4F, 0xF4, 
0xFA, 0x62, 0x48, 0x49, 0x48, 0x48, 0xFF, 0xF7, 0x3D, 0xFA, 0x03, 0x46, 
0x00, 0x2B, 0x79, 0xD1, 0x46, 0x48, 0x03, 0xF0, 0xE9, 0xFB, 0x07, 0xF1, 
0x14, 0x00, 0x41, 0xF2, 0x2E, 0x63, 0x00, 0x93, 0x43, 0x4B, 0x44, 0x4A, 
0x80, 0x21, 0x03, 0xF0, 0xE7, 0xFB, 0x07, 0xF1, 0x14, 0x03, 0x41, 0xF2, 
0x88, 0x32, 0x41, 0x49, 0x18, 0x46, 0xFF, 0xF7, 0x25, 0xFA, 0x03, 0x46, 
0x00, 0x2B, 0x63, 0xD1, 0x3E, 0x4B, 0x01, 0x22, 0x1A, 0x70, 0x3E, 0x48, 
0x03, 0xF0, 0xCE, 0xFB, 0x00, 0xF0, 0x90, 0xF9, 0x3C, 0x4B, 0x00, 0x22, 
0x1A, 0x60, 0x3C, 0x4B, 0x00, 0x22, 0x1A, 0x60, 0x3B, 0x4B, 0x00, 0x22, 
0x1A, 0x70, 0x3B, 0x4B, 0x00, 0x22, 0x1A, 0x70, 0x3A, 0x4B, 0x00, 0x22, 
0x1A, 0x60, 0x3A, 0x4B, 0x00, 0x22, 0x1A, 0x70, 0x39, 0x4B, 0x00, 0x22, 
0x1A, 0x60, 0x39, 0x4B, 0x00, 0x22, 0x1A, 0x60, 0x38, 0x4B, 0x00, 0x22, 
0x1A, 0x60, 0x38, 0x4B, 0x00, 0x22, 0x1A, 0x60, 0x37, 0x48, 0x03, 0xF0, 
0xAB, 0xFB, 0x37, 0x4B, 0x3C, 0x1D, 0x0F, 0xCB, 0x07, 0xC4, 0x23, 0x80, 
0x02, 0x34, 0x1B, 0x0C, 0x23, 0x70, 0x07, 0xF1, 0x14, 0x00, 0x0E, 0x23, 
0x32, 0x4A, 0x80, 0x21, 0x03, 0xF0, 0xA4, 0xFB, 0x07, 0xF1, 0x14, 0x03, 
0x4F, 0xF4, 0xFA, 0x62, 0x2F, 0x49, 0x18, 0x46, 0xFF, 0xF7, 0xE2, 0xF9, 
0x03, 0x46, 0x00, 0x2B, 0x03, 0xD0, 0x2D, 0x4B, 0x04, 0x22, 0x1A, 0x70, 
0x1D, 0xE0, 0x3B, 0x1D, 0x4F, 0xF4, 0xFA, 0x62, 0x2A, 0x49, 0x18, 0x46, 
0xFF, 0xF7, 0xD4, 0xF9, 0x03, 0x46, 0x00, 0x2B, 0x03, 0xD0, 0x26, 0x4B, 
0x04, 0x22, 0x1A, 0x70, 0x0F, 0xE0, 0x24, 0x4B, 0x02, 0x22, 0x1A, 0x70, 
0x00, 0xF0, 0xE2, 0xFE, 0x03, 0x46, 0x1A, 0x4A, 0x13, 0x60, 0x06, 0xE0, 
0x00, 0xBF, 0x04, 0xE0, 0x00, 0xBF, 0x02, 0xE0, 0x00, 0xBF, 0x00, 0xE0, 
0x00, 0xBF, 0xAC, 0x37, 0xBD, 0x46, 0x90, 0xBD, 0x2C, 0xA1, 0x00, 0x08, 
0x4C, 0xA1, 0x00, 0x08, 0x58, 0xA1, 0x00, 0x08, 0x60, 0xA1, 0x00, 0x08, 
0x84, 0x00, 0x00, 0x20, 0x08, 0x9B, 0x00, 0x08, 0x80, 0xA1, 0x00, 0x08, 
0x90, 0xA1, 0x00, 0x08, 0xB4, 0xA1, 0x00, 0x08, 0xC0, 0xA1, 0x00, 0x08, 
0xDC, 0xA1, 0x00, 0x08, 0x85, 0x00, 0x00, 0x20, 0xE4, 0xA1, 0x00, 0x08, 
0x90, 0x0E, 0x00, 0x20, 0x94, 0x0E, 0x00, 0x20, 0x98, 0x0E, 0x00, 0x20, 
0x99, 0x0E, 0x00, 0x20, 0x9C, 0x0E, 0x00, 0x20, 0xA0, 0x0E, 0x00, 0x20, 
0xA4, 0x0E, 0x00, 0x20, 0xA8, 0x0E, 0x00, 0x20, 0xAC, 0x0E, 0x00, 0x20, 
0xB0, 0x0E, 0x00, 0x20, 0x04, 0xA2, 0x00, 0x08, 0x34, 0xA2, 0x00, 0x08, 
0x24, 0xA2, 0x00, 0x08, 0x08, 0xA0, 0x00, 0x08, 0x8C, 0x0C, 0x00, 0x20, 
0x1C, 0xA0, 0x00, 0x08, 0x80, 0xB5, 0x00, 0xAF, 0x09, 0x48, 0x03, 0xF0, 
0x2D, 0xFB, 0x4F, 0xF4, 0xFA, 0x62, 0x08, 0x49, 0x08, 0x48, 0xFF, 0xF7, 
0x75, 0xF9, 0x08, 0x4B, 0x00, 0x22, 0x1A, 0x70, 0x07, 0x4B, 0x03, 0x22, 
0x1A, 0x70, 0x00, 0xF0, 0xE9, 0xF9, 0x00, 0xBF, 0x80, 0xBD, 0x00, 0xBF, 
0x44, 0xA2, 0x00, 0x08, 0x08, 0x9B, 0x00, 0x08, 0x88, 0xA2, 0x00, 0x08, 
0x85, 0x00, 0x00, 0x20, 0x8C, 0x0C, 0x00, 0x20, 0x80, 0xB5, 0x00, 0xAF, 
0x09, 0x48, 0x03, 0xF0, 0x0D, 0xFB, 0x4F, 0xF4, 0xFA, 0x62, 0x08, 0x49, 
0x08, 0x48, 0xFF, 0xF7, 0x55, 0xF9, 0x08, 0x4B, 0x00, 0x22, 0x1A, 0x70, 
0x07, 0x4B, 0x04, 0x22, 0x1A, 0x70, 0x07, 0x48, 0x03, 0xF0, 0xFE, 0xFA, 
0x00, 0xBF, 0x80, 0xBD, 0x98, 0xA2, 0x00, 0x08, 0x08, 0x9B, 0x00, 0x08, 
0x88, 0xA2, 0x00, 0x08, 0x85, 0x00, 0x00, 0x20, 0x8C, 0x0C, 0x00, 0x20, 
0xB8, 0xA2, 0x00, 0x08, 0x80, 0xB5, 0x82, 0xB0, 0x00, 0xAF, 0x78, 0x60, 
0x78, 0x68, 0x00, 0xF0, 0x5B, 0xFE, 0x00, 0xBF, 0x08, 0x37, 0xBD, 0x46, 
0x80, 0xBD, 0x00, 0x00, 0x80, 0xB5, 0x00, 0xAF, 0x00, 0x22, 0x01, 0x21, 
0x02, 0x48, 0x01, 0xF0, 0xF3, 0xFC, 0x00, 0xBF, 0x80, 0xBD, 0x00, 0xBF, 
0x00, 0x0C, 0x01, 0x40, 0x80, 0xB5, 0x00, 0xAF, 0x01, 0x22, 0x01, 0x21, 
0x02, 0x48, 0x01, 0xF0, 0xE7, 0xFC, 0x00, 0xBF, 0x80, 0xBD, 0x00, 0xBF, 
0x00, 0x0C, 0x01, 0x40, 0x80, 0xB5, 0x82, 0xB0, 0x00, 0xAF, 0x78, 0x60, 
0x0B, 0x46, 0x7B, 0x80, 0x02, 0xE0, 0x01, 0x20, 0x00, 0xF0, 0x34, 0xFE, 
0x08, 0x48, 0x02, 0xF0, 0xA0, 0xFC, 0x03, 0x46, 0x01, 0x2B, 0xF6, 0xD1, 
0x7A, 0x88, 0x4F, 0xF4, 0xFA, 0x63, 0x79, 0x68, 0x03, 0x48, 0x02, 0xF0, 
0xA9, 0xF9, 0x00, 0xBF, 0x08, 0x37, 0xBD, 0x46, 0x80, 0xBD, 0x00, 0xBF, 
0xC4, 0x0E, 0x00, 0x20, 0x80, 0xB5, 0x86, 0xB0, 0x02, 0xAF, 0x78, 0x60, 
0x0B, 0x46, 0x7B, 0x80, 0x00, 0x23, 0x7B, 0x73, 0x00, 0x23, 0xFB, 0x81, 
0x0E, 0xE0, 0xFB, 0x89, 0x7A, 0x68, 0x1A, 0x44, 0x07, 0xF1, 0x0D, 0x01, 
0x41, 0xF2, 0x88, 0x33, 0x00, 0x93, 0x01, 0x23, 0x07, 0x48, 0x02, 0xF0, 
0xCF, 0xFA, 0xFB, 0x89, 0x01, 0x33, 0xFB, 0x81, 0xFA, 0x89, 0x7B, 0x88, 
0x9A, 0x42, 0xEC, 0xD3, 0x00, 0xBF, 0x00, 0xBF, 0x10, 0x37, 0xBD, 0x46, 
0x80, 0xBD, 0x00, 0xBF, 0xC4, 0x0E, 0x00, 0x20, 0x80, 0xB5, 0x82, 0xB0, 
0x00, 0xAF, 0x06, 0x23, 0xFB, 0x71, 0xFF, 0xF7, 0x9D, 0xFF, 0xFB, 0x1D, 
0x01, 0x21, 0x18, 0x46, 0xFF, 0xF7, 0xB0, 0xFF, 0xFF, 0xF7, 0xA2, 0xFF, 
0x00, 0xBF, 0x08, 0x37, 0xBD, 0x46, 0x80, 0xBD, 0x80, 0xB5, 0x82, 0xB0, 
0x00, 0xAF, 0x04, 0x23, 0xFB, 0x71, 0xFF, 0xF7, 0x8B, 0xFF, 0xFB, 0x1D, 
0x01, 0x21, 0x18, 0x46, 0xFF, 0xF7, 0x9E, 0xFF, 0xFF, 0xF7, 0x90, 0xFF, 
0x00, 0xBF, 0x08, 0x37, 0xBD, 0x46, 0x80, 0xBD, 0x80, 0xB5, 0x82, 0xB0, 
0x00, 0xAF, 0x05, 0x23, 0xFB, 0x71, 0xFF, 0xF7, 0x79, 0xFF, 0xFB, 0x1D, 
0x01, 0x21, 0x18, 0x46, 0xFF, 0xF7, 0x8C, 0xFF, 0xBB, 0x1D, 0x01, 0x21, 
0x18, 0x46, 0xFF, 0xF7, 0xA5, 0xFF, 0xFF, 0xF7, 0x79, 0xFF, 0xBB, 0x79, 
0x18, 0x46, 0x08, 0x37, 0xBD, 0x46, 0x80, 0xBD, 0x80, 0xB5, 0x00, 0xAF, 
0x02, 0xE0, 0x01, 0x20, 0xFF, 0xF7, 0x56, 0xFF, 0xFF, 0xF7, 0xE0, 0xFF, 
0x03, 0x46, 0x03, 0xF0, 0x01, 0x03, 0x00, 0x2B, 0xF5, 0xD1, 0x00, 0xBF, 
0x00, 0xBF, 0x80, 0xBD, 0x80, 0xB5, 0x82, 0xB0, 0x00, 0xAF, 0x66, 0x23, 
0x3B, 0x71, 0x99, 0x23, 0x7B, 0x71, 0xFF, 0xF7, 0x4F, 0xFF, 0x3B, 0x1D, 
0x02, 0x21, 0x18, 0x46, 0xFF, 0xF7, 0x62, 0xFF, 0xFF, 0xF7, 0x54, 0xFF, 
0x64, 0x20, 0xFF, 0xF7, 0x39, 0xFF, 0x00, 0xBF, 0x08, 0x37, 0xBD, 0x46, 
0x80, 0xBD, 0x80, 0xB5, 0x88, 0xB0, 0x00, 0xAF, 0x78, 0x60, 0x39, 0x60, 
0x7B, 0x68, 0x1B, 0x0B, 0xBB, 0x61, 0x7A, 0x68, 0x3B, 0x68, 0x13, 0x44, 
0x01, 0x3B, 0x1B, 0x0B, 0x7B, 0x61, 0xBB, 0x69, 0xFB, 0x61, 0x22, 0xE0, 
0xFB, 0x69, 0x1B, 0x03, 0x3B, 0x61, 0xFF, 0xF7, 0x87, 0xFF, 0x20, 0x23, 
0x3B, 0x72, 0x3B, 0x69, 0x1B, 0x0C, 0xDB, 0xB2, 0x7B, 0x72, 0x3B, 0x69, 
0x1B, 0x0A, 0xDB, 0xB2, 0xBB, 0x72, 0x3B, 0x69, 0xDB, 0xB2, 0xFB, 0x72, 
0xFF, 0xF7, 0x1C, 0xFF, 0x07, 0xF1, 0x08, 0x03, 0x04, 0x21, 0x18, 0x46, 
0xFF, 0xF7, 0x2E, 0xFF, 0xFF, 0xF7, 0x20, 0xFF, 0xFF, 0xF7, 0xAA, 0xFF, 
0xFF, 0xF7, 0x7E, 0xFF, 0xFB, 0x69, 0x01, 0x33, 0xFB, 0x61, 0xFA, 0x69, 
0x7B, 0x69, 0x9A, 0x42, 0xD8, 0xD9, 0x00, 0xBF, 0x00, 0xBF, 0x20, 0x37, 
0xBD, 0x46, 0x80, 0xBD, 0x80, 0xB5, 0x88, 0xB0, 0x00, 0xAF, 0xF8, 0x60, 
0xB9, 0x60, 0x13, 0x46, 0xFB, 0x80, 0x3A, 0xE0, 0xFB, 0x68, 0xDB, 0xB2, 
0xC3, 0xF5, 0x80, 0x73, 0xFB, 0x61, 0xFB, 0x88, 0xFA, 0x69, 0x93, 0x42, 
0x28, 0xBF, 0x13, 0x46, 0xBB, 0x61, 0xFF, 0xF7, 0x4B, 0xFF, 0x02, 0x23, 
0x3B, 0x74, 0xFB, 0x68, 0x1B, 0x0C, 0xDB, 0xB2, 0x7B, 0x74, 0xFB, 0x68, 
0x1B, 0x0A, 0xDB, 0xB2, 0xBB, 0x74, 0xFB, 0x68, 0xDB, 0xB2, 0xFB, 0x74, 
0xFF, 0xF7, 0xE0, 0xFE, 0x07, 0xF1, 0x10, 0x03, 0x04, 0x21, 0x18, 0x46, 
0xFF, 0xF7, 0xF2, 0xFE, 0xBB, 0x69, 0x9B, 0xB2, 0x19, 0x46, 0xB8, 0x68, 
0xFF, 0xF7, 0xEC, 0xFE, 0xFF, 0xF7, 0xDE, 0xFE, 0xFF, 0xF7, 0x68, 0xFF, 
0xFF, 0xF7, 0x3C, 0xFF, 0xFA, 0x68, 0xBB, 0x69, 0x13, 0x44, 0xFB, 0x60, 
0xBA, 0x68, 0xBB, 0x69, 0x13, 0x44, 0xBB, 0x60, 0xBB, 0x69, 0x9B, 0xB2, 
0xFA, 0x88, 0xD3, 0x1A, 0xFB, 0x80, 0xFB, 0x88, 0x00, 0x2B, 0xC1, 0xD1, 
0x00, 0xBF, 0x00, 0xBF, 0x20, 0x37, 0xBD, 0x46, 0x80, 0xBD, 0x80, 0xB5, 
0x88, 0xB0, 0x00, 0xAF, 0xF8, 0x60, 0xB9, 0x60, 0x13, 0x46, 0xFB, 0x80, 
0x00, 0xBF, 0xFB, 0x88, 0x00, 0x2B, 0x3F, 0xD0, 0x00, 0x23, 0xFB, 0x83, 
0xFB, 0x8B, 0x5A, 0x1C, 0xFA, 0x83, 0x20, 0x33, 0x3B, 0x44, 0x0B, 0x22, 
0x03, 0xF8, 0x0C, 0x2C, 0xFB, 0x68, 0x1A, 0x0C, 0xFB, 0x8B, 0x59, 0x1C, 
0xF9, 0x83, 0xD2, 0xB2, 0x20, 0x33, 0x3B, 0x44, 0x03, 0xF8, 0x0C, 0x2C, 
0xFB, 0x68, 0x1A, 0x0A, 0xFB, 0x8B, 0x59, 0x1C, 0xF9, 0x83, 0xD2, 0xB2, 
0x20, 0x33, 0x3B, 0x44, 0x03, 0xF8, 0x0C, 0x2C, 0xFB, 0x8B, 0x5A, 0x1C, 
0xFA, 0x83, 0xFA, 0x68, 0xD2, 0xB2, 0x20, 0x33, 0x3B, 0x44, 0x03, 0xF8, 
0x0C, 0x2C, 0xFB, 0x8B, 0x5A, 0x1C, 0xFA, 0x83, 0x20, 0x33, 0x3B, 0x44, 
0x00, 0x22, 0x03, 0xF8, 0x0C, 0x2C, 0xFF, 0xF7, 0x7D, 0xFE, 0xFA, 0x8B, 
0x07, 0xF1, 0x14, 0x03, 0x11, 0x46, 0x18, 0x46, 0xFF, 0xF7, 0x8E, 0xFE, 
0xFB, 0x88, 0x19, 0x46, 0xB8, 0x68, 0xFF, 0xF7, 0xA7, 0xFE, 0xFF, 0xF7, 
0x7B, 0xFE, 0x00, 0xE0, 0x00, 0xBF, 0x00, 0xBF, 0x20, 0x37, 0xBD, 0x46, 
0x80, 0xBD, 0x00, 0x00, 0x80, 0xB4, 0x00, 0xAF, 0xBF, 0xF3, 0x4F, 0x8F, 
0x00, 0xBF, 0x06, 0x4B, 0xDB, 0x68, 0x03, 0xF4, 0xE0, 0x62, 0x04, 0x49, 
0x04, 0x4B, 0x13, 0x43, 0xCB, 0x60, 0xBF, 0xF3, 0x4F, 0x8F, 0x00, 0xBF, 
0x00, 0xBF, 0xFD, 0xE7, 0x00, 0xED, 0x00, 0xE0, 0x04, 0x00, 0xFA, 0x05, 
0x80, 0xB5, 0x00, 0xAF, 0x01, 0xF0, 0x34, 0xF8, 0x00, 0xF0, 0x0A, 0xF8, 
0x01, 0x21, 0x03, 0x48, 0x00, 0xF0, 0x1E, 0xF8, 0x01, 0xF0, 0x52, 0xF8, 
0xFF, 0xF7, 0xDC, 0xFF, 0x00, 0x40, 0x00, 0x08, 0x80, 0xB5, 0x86, 0xB0, 
0x00, 0xAF, 0x00, 0x23, 0xBB, 0x60, 0x08, 0x4B, 0x3B, 0x61, 0x01, 0x23, 
0x7B, 0x61, 0x3A, 0x1D, 0x07, 0xF1, 0x08, 0x03, 0x11, 0x46, 0x18, 0x46, 
0x01, 0xF0, 0x00, 0xF9, 0x7B, 0x68, 0x18, 0x46, 0x18, 0x37, 0xBD, 0x46, 
0x80, 0xBD, 0x00, 0xBF, 0x00, 0x40, 0x00, 0x08, 0x80, 0xB5, 0x82, 0xB0, 
0x00, 0xAF, 0x78, 0x60, 0x39, 0x60, 0x39, 0x68, 0x00, 0x20, 0x0A, 0x46, 
0x03, 0x46, 0x79, 0x68, 0x02, 0x20, 0x00, 0xF0, 0x93, 0xFF, 0x00, 0xBF, 
0x08, 0x37, 0xBD, 0x46, 0x80, 0xBD, 0x00, 0x00, 0x80, 0xB4, 0x83, 0xB0, 
0x00, 0xAF, 0x03, 0x46, 0xFB, 0x80, 0x04, 0x4B, 0x01, 0x22, 0x1A, 0x70, 
0x00, 0xBF, 0x0C, 0x37, 0xBD, 0x46, 0x80, 0xBC, 0x70, 0x47, 0x00, 0xBF, 
0xF0, 0x0F, 0x00, 0x20, 0x80, 0xB5, 0x82, 0xB0, 0x00, 0xAF, 0x78, 0x60, 
0x39, 0x1D, 0x0A, 0x23, 0x01, 0x22, 0x04, 0x48, 0x02, 0xF0, 0xD9, 0xFB, 
0x7B, 0x68, 0x18, 0x46, 0x08, 0x37, 0xBD, 0x46, 0x80, 0xBD, 0x00, 0xBF, 
0x1C, 0x0F, 0x00, 0x20, 0x80, 0xB5, 0x82, 0xB0, 0x00, 0xAF, 0x00, 0xF0, 
0xE5, 0xFB, 0x1C, 0x4B, 0x1C, 0x4A, 0x9A, 0x60, 0x62, 0xB6, 0x00, 0xBF, 
0x00, 0xF0, 0x40, 0xF8, 0x00, 0xF0, 0x2C, 0xF9, 0x00, 0xF0, 0x0C, 0xF9, 
0x00, 0xF0, 0xB6, 0xF8, 0x00, 0xF0, 0x7E, 0xF8, 0x00, 0xF0, 0xDC, 0xF8, 
0x15, 0x4B, 0x1B, 0x69, 0x7B, 0x60, 0x79, 0x68, 0x14, 0x48, 0x03, 0xF0, 
0x55, 0xF8, 0x14, 0x4B, 0x1B, 0x78, 0x01, 0x2B, 0x0E, 0xD1, 0x4F, 0xF4, 
0xFA, 0x70, 0x00, 0xF0, 0x27, 0xFC, 0x10, 0x4B, 0x00, 0x22, 0x1A, 0x70, 
0xFF, 0xF7, 0x8E, 0xFC, 0x04, 0xE0, 0xFF, 0xF7, 0x39, 0xFC, 0x01, 0x20, 
0x00, 0xF0, 0x1C, 0xFC, 0x0B, 0x4B, 0x1B, 0x78, 0xDB, 0xB2, 0x01, 0x2B, 
0xF5, 0xD0, 0x02, 0x21, 0x09, 0x48, 0x01, 0xF0, 0xCF, 0xFA, 0x4F, 0xF4, 
0xFA, 0x70, 0x00, 0xF0, 0x0F, 0xFC, 0xDE, 0xE7, 0x00, 0xED, 0x00, 0xE0, 
0x00, 0x44, 0x00, 0x08, 0x00, 0x40, 0x00, 0x08, 0xD0, 0xA2, 0x00, 0x08, 
0xF0, 0x0F, 0x00, 0x20, 0x85, 0x00, 0x00, 0x20, 0x00, 0x08, 0x01, 0x40, 
0x80, 0xB5, 0x90, 0xB0, 0x00, 0xAF, 0x07, 0xF1, 0x18, 0x03, 0x28, 0x22, 
0x00, 0x21, 0x18, 0x46, 0x03, 0xF0, 0xAA, 0xF9, 0x3B, 0x1D, 0x00, 0x22, 
0x1A, 0x60, 0x5A, 0x60, 0x9A, 0x60, 0xDA, 0x60, 0x1A, 0x61, 0x01, 0x23, 
0xBB, 0x61, 0x4F, 0xF4, 0x80, 0x33, 0xFB, 0x61, 0x00, 0x23, 0x3B, 0x62, 
0x01, 0x23, 0xBB, 0x62, 0x02, 0x23, 0x7B, 0x63, 0x4F, 0xF4, 0x80, 0x33, 
0xBB, 0x63, 0x4F, 0xF4, 0xE0, 0x13, 0xFB, 0x63, 0x07, 0xF1, 0x18, 0x03, 
0x18, 0x46, 0x01, 0xF0, 0xC7, 0xFA, 0x03, 0x46, 0x00, 0x2B, 0x01, 0xD0, 
0x00, 0xF0, 0x38, 0xF9, 0x0F, 0x23, 0x7B, 0x60, 0x02, 0x23, 0xBB, 0x60, 
0x00, 0x23, 0xFB, 0x60, 0x4F, 0xF4, 0x80, 0x63, 0x3B, 0x61, 0x00, 0x23, 
0x7B, 0x61, 0x3B, 0x1D, 0x02, 0x21, 0x18, 0x46, 0x01, 0xF0, 0x34, 0xFD, 
0x03, 0x46, 0x00, 0x2B, 0x01, 0xD0, 0x00, 0xF0, 0x23, 0xF9, 0x00, 0xBF, 
0x40, 0x37, 0xBD, 0x46, 0x80, 0xBD, 0x00, 0x00, 0x80, 0xB5, 0x00, 0xAF, 
0x17, 0x4B, 0x18, 0x4A, 0x1A, 0x60, 0x16, 0x4B, 0x4F, 0xF4, 0x82, 0x72, 
0x5A, 0x60, 0x14, 0x4B, 0x00, 0x22, 0x9A, 0x60, 0x12, 0x4B, 0x00, 0x22, 
0xDA, 0x60, 0x11, 0x4B, 0x00, 0x22, 0x1A, 0x61, 0x0F, 0x4B, 0x00, 0x22, 
0x5A, 0x61, 0x0E, 0x4B, 0x4F, 0xF4, 0x00, 0x72, 0x9A, 0x61, 0x0C, 0x4B, 
0x28, 0x22, 0xDA, 0x61, 0x0A, 0x4B, 0x00, 0x22, 0x1A, 0x62, 0x09, 0x4B, 
0x00, 0x22, 0x5A, 0x62, 0x07, 0x4B, 0x00, 0x22, 0x9A, 0x62, 0x06, 0x4B, 
0x0A, 0x22, 0xDA, 0x62, 0x04, 0x48, 0x01, 0xF0, 0x8D, 0xFE, 0x03, 0x46, 
0x00, 0x2B, 0x01, 0xD0, 0x00, 0xF0, 0xEE, 0xF8, 0x00, 0xBF, 0x80, 0xBD, 
0xC4, 0x0E, 0x00, 0x20, 0x00, 0x30, 0x01, 0x40, 0x80, 0xB5, 0x00, 0xAF, 
0x11, 0x4B, 0x12, 0x4A, 0x1A, 0x60, 0x10, 0x4B, 0x4F, 0xF4, 0xE1, 0x32, 
0x5A, 0x60, 0x0E, 0x4B, 0x00, 0x22, 0x9A, 0x60, 0x0C, 0x4B, 0x00, 0x22, 
0xDA, 0x60, 0x0B, 0x4B, 0x00, 0x22, 0x1A, 0x61, 0x09, 0x4B, 0x0C, 0x22, 
0x5A, 0x61, 0x08, 0x4B, 0x00, 0x22, 0x9A, 0x61, 0x06, 0x4B, 0x00, 0x22, 
0xDA, 0x61, 0x05, 0x48, 0x02, 0xF0, 0x9B, 0xFA, 0x03, 0x46, 0x00, 0x2B, 
0x01, 0xD0, 0x00, 0xF0, 0xC5, 0xF8, 0x00, 0xBF, 0x80, 0xBD, 0x00, 0xBF, 
0x1C, 0x0F, 0x00, 0x20, 0x00, 0x38, 0x01, 0x40, 0x80, 0xB5, 0x00, 0xAF, 
0x11, 0x4B, 0x12, 0x4A, 0x1A, 0x60, 0x10, 0x4B, 0x4F, 0xF4, 0xE1, 0x32, 
0x5A, 0x60, 0x0E, 0x4B, 0x00, 0x22, 0x9A, 0x60, 0x0C, 0x4B, 0x00, 0x22, 
0xDA, 0x60, 0x0B, 0x4B, 0x00, 0x22, 0x1A, 0x61, 0x09, 0x4B, 0x0C, 0x22, 
0x5A, 0x61, 0x08, 0x4B, 0x00, 0x22, 0x9A, 0x61, 0x06, 0x4B, 0x00, 0x22, 
0xDA, 0x61, 0x05, 0x48, 0x02, 0xF0, 0x71, 0xFA, 0x03, 0x46, 0x00, 0x2B, 
0x01, 0xD0, 0x00, 0xF0, 0x9B, 0xF8, 0x00, 0xBF, 0x80, 0xBD, 0x00, 0xBF, 
0x64, 0x0F, 0x00, 0x20, 0x00, 0x44, 0x00, 0x40, 0x80, 0xB5, 0x82, 0xB0, 
0x00, 0xAF, 0x0C, 0x4B, 0x5B, 0x69, 0x0B, 0x4A, 0x43, 0xF0, 0x01, 0x03, 
0x53, 0x61, 0x09, 0x4B, 0x5B, 0x69, 0x03, 0xF0, 0x01, 0x03, 0x7B, 0x60, 
0x7B, 0x68, 0x00, 0x22, 0x00, 0x21, 0x10, 0x20, 0x00, 0xF0, 0x17, 0xFC, 
0x10, 0x20, 0x00, 0xF0, 0x30, 0xFC, 0x00, 0xBF, 0x08, 0x37, 0xBD, 0x46, 
0x80, 0xBD, 0x00, 0xBF, 0x00, 0x10, 0x02, 0x40, 0x80, 0xB5, 0x88, 0xB0, 
0x00, 0xAF, 0x07, 0xF1, 0x10, 0x03, 0x00, 0x22, 0x1A, 0x60, 0x5A, 0x60, 
0x9A, 0x60, 0xDA, 0x60, 0x31, 0x4B, 0x9B, 0x69, 0x30, 0x4A, 0x43, 0xF0, 
0x20, 0x03, 0x93, 0x61, 0x2E, 0x4B, 0x9B, 0x69, 0x03, 0xF0, 0x20, 0x03, 
0xFB, 0x60, 0xFB, 0x68, 0x2B, 0x4B, 0x9B, 0x69, 0x2A, 0x4A, 0x43, 0xF0, 
0x04, 0x03, 0x93, 0x61, 0x28, 0x4B, 0x9B, 0x69, 0x03, 0xF0, 0x04, 0x03, 
0xBB, 0x60, 0xBB, 0x68, 0x25, 0x4B, 0x9B, 0x69, 0x24, 0x4A, 0x43, 0xF0, 
0x08, 0x03, 0x93, 0x61, 0x22, 0x4B, 0x9B, 0x69, 0x03, 0xF0, 0x08, 0x03, 
0x7B, 0x60, 0x7B, 0x68, 0x00, 0x22, 0x02, 0x21, 0x1F, 0x48, 0x01, 0xF0, 
0x83, 0xF9, 0x01, 0x22, 0x01, 0x21, 0x1E, 0x48, 0x01, 0xF0, 0x7E, 0xF9, 
0x02, 0x23, 0x3B, 0x61, 0x01, 0x23, 0x7B, 0x61, 0x00, 0x23, 0xBB, 0x61, 
0x02, 0x23, 0xFB, 0x61, 0x07, 0xF1, 0x10, 0x03, 0x19, 0x46, 0x16, 0x48, 
0x00, 0xF0, 0xEC, 0xFF, 0x01, 0x23, 0x3B, 0x61, 0x01, 0x23, 0x7B, 0x61, 
0x00, 0x23, 0xBB, 0x61, 0x03, 0x23, 0xFB, 0x61, 0x07, 0xF1, 0x10, 0x03, 
0x19, 0x46, 0x10, 0x48, 0x00, 0xF0, 0xDE, 0xFF, 0x4F, 0xF4, 0x80, 0x73, 
0x3B, 0x61, 0x0E, 0x4B, 0x7B, 0x61, 0x01, 0x23, 0xBB, 0x61, 0x07, 0xF1, 
0x10, 0x03, 0x19, 0x46, 0x08, 0x48, 0x00, 0xF0, 0xD1, 0xFF, 0x00, 0x22, 
0x00, 0x21, 0x17, 0x20, 0x00, 0xF0, 0xA7, 0xFB, 0x17, 0x20, 0x00, 0xF0, 
0xC0, 0xFB, 0x00, 0xBF, 0x20, 0x37, 0xBD, 0x46, 0x80, 0xBD, 0x00, 0xBF, 
0x00, 0x10, 0x02, 0x40, 0x00, 0x08, 0x01, 0x40, 0x00, 0x0C, 0x01, 0x40, 
0x00, 0x00, 0x21, 0x10, 0x80, 0xB4, 0x00, 0xAF, 0x72, 0xB6, 0x00, 0xBF, 
0x00, 0xBF, 0xFD, 0xE7, 0x80, 0xB4, 0x85, 0xB0, 0x00, 0xAF, 0x15, 0x4B, 
0x9B, 0x69, 0x14, 0x4A, 0x43, 0xF0, 0x01, 0x03, 0x93, 0x61, 0x12, 0x4B, 
0x9B, 0x69, 0x03, 0xF0, 0x01, 0x03, 0xBB, 0x60, 0xBB, 0x68, 0x0F, 0x4B, 
0xDB, 0x69, 0x0E, 0x4A, 0x43, 0xF0, 0x80, 0x53, 0xD3, 0x61, 0x0C, 0x4B, 
0xDB, 0x69, 0x03, 0xF0, 0x80, 0x53, 0x7B, 0x60, 0x7B, 0x68, 0x0A, 0x4B, 
0x5B, 0x68, 0xFB, 0x60, 0xFB, 0x68, 0x23, 0xF0, 0xE0, 0x63, 0xFB, 0x60, 
0xFB, 0x68, 0x43, 0xF0, 0x00, 0x73, 0xFB, 0x60, 0x04, 0x4A, 0xFB, 0x68, 
0x53, 0x60, 0x00, 0xBF, 0x14, 0x37, 0xBD, 0x46, 0x80, 0xBC, 0x70, 0x47, 
0x00, 0x10, 0x02, 0x40, 0x00, 0x00, 0x01, 0x40, 0x80, 0xB5, 0x88, 0xB0, 
0x00, 0xAF, 0x78, 0x60, 0x07, 0xF1, 0x10, 0x03, 0x00, 0x22, 0x1A, 0x60, 
0x5A, 0x60, 0x9A, 0x60, 0xDA, 0x60, 0x7B, 0x68, 0x1B, 0x68, 0x1B, 0x4A, 
0x93, 0x42, 0x2F, 0xD1, 0x1A, 0x4B, 0x9B, 0x69, 0x19, 0x4A, 0x43, 0xF4, 
0x80, 0x53, 0x93, 0x61, 0x17, 0x4B, 0x9B, 0x69, 0x03, 0xF4, 0x80, 0x53, 
0xFB, 0x60, 0xFB, 0x68, 0x14, 0x4B, 0x9B, 0x69, 0x13, 0x4A, 0x43, 0xF0, 
0x04, 0x03, 0x93, 0x61, 0x11, 0x4B, 0x9B, 0x69, 0x03, 0xF0, 0x04, 0x03, 
0xBB, 0x60, 0xBB, 0x68, 0xA0, 0x23, 0x3B, 0x61, 0x02, 0x23, 0x7B, 0x61, 
0x03, 0x23, 0xFB, 0x61, 0x07, 0xF1, 0x10, 0x03, 0x19, 0x46, 0x0B, 0x48, 
0x00, 0xF0, 0x50, 0xFF, 0x40, 0x23, 0x3B, 0x61, 0x00, 0x23, 0x7B, 0x61, 
0x00, 0x23, 0xBB, 0x61, 0x07, 0xF1, 0x10, 0x03, 0x19, 0x46, 0x05, 0x48, 
0x00, 0xF0, 0x44, 0xFF, 0x00, 0xBF, 0x20, 0x37, 0xBD, 0x46, 0x80, 0xBD, 
0x00, 0x30, 0x01, 0x40, 0x00, 0x10, 0x02, 0x40, 0x00, 0x08, 0x01, 0x40, 
0x80, 0xB5, 0x8A, 0xB0, 0x00, 0xAF, 0x78, 0x60, 0x07, 0xF1, 0x18, 0x03, 
0x00, 0x22, 0x1A, 0x60, 0x5A, 0x60, 0x9A, 0x60, 0xDA, 0x60, 0x7B, 0x68, 
0x1B, 0x68, 0x4A, 0x4A, 0x93, 0x42, 0x32, 0xD1, 0x49, 0x4B, 0x9B, 0x69, 
0x48, 0x4A, 0x43, 0xF4, 0x80, 0x43, 0x93, 0x61, 0x46, 0x4B, 0x9B, 0x69, 
0x03, 0xF4, 0x80, 0x43, 0x7B, 0x61, 0x7B, 0x69, 0x43, 0x4B, 0x9B, 0x69, 
0x42, 0x4A, 0x43, 0xF0, 0x04, 0x03, 0x93, 0x61, 0x40, 0x4B, 0x9B, 0x69, 
0x03, 0xF0, 0x04, 0x03, 0x3B, 0x61, 0x3B, 0x69, 0x4F, 0xF4, 0x00, 0x73, 
0xBB, 0x61, 0x02, 0x23, 0xFB, 0x61, 0x03, 0x23, 0x7B, 0x62, 0x07, 0xF1, 
0x18, 0x03, 0x19, 0x46, 0x39, 0x48, 0x00, 0xF0, 0x05, 0xFF, 0x4F, 0xF4, 
0x80, 0x63, 0xBB, 0x61, 0x00, 0x23, 0xFB, 0x61, 0x00, 0x23, 0x3B, 0x62, 
0x07, 0xF1, 0x18, 0x03, 0x19, 0x46, 0x33, 0x48, 0x00, 0xF0, 0xF8, 0xFE, 
0x5A, 0xE0, 0x7B, 0x68, 0x1B, 0x68, 0x31, 0x4A, 0x93, 0x42, 0x55, 0xD1, 
0x2D, 0x4B, 0xDB, 0x69, 0x2C, 0x4A, 0x43, 0xF4, 0x00, 0x33, 0xD3, 0x61, 
0x2A, 0x4B, 0xDB, 0x69, 0x03, 0xF4, 0x00, 0x33, 0xFB, 0x60, 0xFB, 0x68, 
0x27, 0x4B, 0x9B, 0x69, 0x26, 0x4A, 0x43, 0xF0, 0x04, 0x03, 0x93, 0x61, 
0x24, 0x4B, 0x9B, 0x69, 0x03, 0xF0, 0x04, 0x03, 0xBB, 0x60, 0xBB, 0x68, 
0x04, 0x23, 0xBB, 0x61, 0x02, 0x23, 0xFB, 0x61, 0x03, 0x23, 0x7B, 0x62, 
0x07, 0xF1, 0x18, 0x03, 0x19, 0x46, 0x1E, 0x48, 0x00, 0xF0, 0xCE, 0xFE, 
0x08, 0x23, 0xBB, 0x61, 0x00, 0x23, 0xFB, 0x61, 0x00, 0x23, 0x3B, 0x62, 
0x07, 0xF1, 0x18, 0x03, 0x19, 0x46, 0x18, 0x48, 0x00, 0xF0, 0xC2, 0xFE, 
0x18, 0x4B, 0x19, 0x4A, 0x1A, 0x60, 0x17, 0x4B, 0x00, 0x22, 0x5A, 0x60, 
0x15, 0x4B, 0x00, 0x22, 0x9A, 0x60, 0x14, 0x4B, 0x80, 0x22, 0xDA, 0x60, 
0x12, 0x4B, 0x00, 0x22, 0x1A, 0x61, 0x11, 0x4B, 0x00, 0x22, 0x5A, 0x61, 
0x0F, 0x4B, 0x20, 0x22, 0x9A, 0x61, 0x0E, 0x4B, 0x00, 0x22, 0xDA, 0x61, 
0x0C, 0x48, 0x00, 0xF0, 0xB9, 0xFA, 0x03, 0x46, 0x00, 0x2B, 0x01, 0xD0, 
0xFF, 0xF7, 0xE6, 0xFE, 0x7B, 0x68, 0x08, 0x4A, 0xDA, 0x63, 0x07, 0x4A, 
0x7B, 0x68, 0x53, 0x62, 0x00, 0xBF, 0x28, 0x37, 0xBD, 0x46, 0x80, 0xBD, 
0x00, 0x38, 0x01, 0x40, 0x00, 0x10, 0x02, 0x40, 0x00, 0x08, 0x01, 0x40, 
0x00, 0x44, 0x00, 0x40, 0xAC, 0x0F, 0x00, 0x20, 0x6C, 0x00, 0x02, 0x40, 
0x80, 0xB4, 0x00, 0xAF, 0x00, 0xBF, 0xFD, 0xE7, 0x80, 0xB4, 0x00, 0xAF, 
0x00, 0xBF, 0xFD, 0xE7, 0x80, 0xB4, 0x00, 0xAF, 0x00, 0xBF, 0xFD, 0xE7, 
0x80, 0xB4, 0x00, 0xAF, 0x00, 0xBF, 0xFD, 0xE7, 0x80, 0xB4, 0x00, 0xAF, 
0x00, 0xBF, 0xFD, 0xE7, 0x80, 0xB4, 0x00, 0xAF, 0x00, 0xBF, 0xBD, 0x46, 
0x80, 0xBC, 0x70, 0x47, 0x80, 0xB4, 0x00, 0xAF, 0x00, 0xBF, 0xBD, 0x46, 
0x80, 0xBC, 0x70, 0x47, 0x80, 0xB4, 0x00, 0xAF, 0x00, 0xBF, 0xBD, 0x46, 
0x80, 0xBC, 0x70, 0x47, 0x80, 0xB5, 0x00, 0xAF, 0x00, 0xF0, 0x26, 0xF9, 
0x00, 0xBF, 0x80, 0xBD, 0x80, 0xB5, 0x00, 0xAF, 0x02, 0x48, 0x00, 0xF0, 
0x27, 0xFB, 0x00, 0xBF, 0x80, 0xBD, 0x00, 0xBF, 0xAC, 0x0F, 0x00, 0x20, 
0x80, 0xB5, 0x00, 0xAF, 0x4F, 0xF4, 0x80, 0x70, 0x01, 0xF0, 0x06, 0xF8, 
0x00, 0xBF, 0x80, 0xBD, 0x80, 0xB5, 0x86, 0xB0, 0x00, 0xAF, 0xF8, 0x60, 
0xB9, 0x60, 0x7A, 0x60, 0x00, 0x23, 0x7B, 0x61, 0x0A, 0xE0, 0xAF, 0xF3, 
0x00, 0x80, 0x01, 0x46, 0xBB, 0x68, 0x5A, 0x1C, 0xBA, 0x60, 0xCA, 0xB2, 
0x1A, 0x70, 0x7B, 0x69, 0x01, 0x33, 0x7B, 0x61, 0x7A, 0x69, 0x7B, 0x68, 
0x9A, 0x42, 0xF0, 0xDB, 0x7B, 0x68, 0x18, 0x46, 0x18, 0x37, 0xBD, 0x46, 
0x80, 0xBD, 0x80, 0xB5, 0x86, 0xB0, 0x00, 0xAF, 0xF8, 0x60, 0xB9, 0x60, 
0x7A, 0x60, 0x00, 0x23, 0x7B, 0x61, 0x09, 0xE0, 0xBB, 0x68, 0x5A, 0x1C, 
0xBA, 0x60, 0x1B, 0x78, 0x18, 0x46, 0xFF, 0xF7, 0xA3, 0xFC, 0x7B, 0x69, 
0x01, 0x33, 0x7B, 0x61, 0x7A, 0x69, 0x7B, 0x68, 0x9A, 0x42, 0xF1, 0xDB, 
0x7B, 0x68, 0x18, 0x46, 0x18, 0x37, 0xBD, 0x46, 0x80, 0xBD, 0x80, 0xB4, 
0x83, 0xB0, 0x00, 0xAF, 0x78, 0x60, 0x4F, 0xF0, 0xFF, 0x33, 0x18, 0x46, 
0x0C, 0x37, 0xBD, 0x46, 0x80, 0xBC, 0x70, 0x47, 0x80, 0xB4, 0x83, 0xB0, 
0x00, 0xAF, 0x78, 0x60, 0x39, 0x60, 0x3B, 0x68, 0x4F, 0xF4, 0x00, 0x52, 
0x5A, 0x60, 0x00, 0x23, 0x18, 0x46, 0x0C, 0x37, 0xBD, 0x46, 0x80, 0xBC, 
0x70, 0x47, 0x80, 0xB4, 0x83, 0xB0, 0x00, 0xAF, 0x78, 0x60, 0x01, 0x23, 
0x18, 0x46, 0x0C, 0x37, 0xBD, 0x46, 0x80, 0xBC, 0x70, 0x47, 0x80, 0xB4, 
0x85, 0xB0, 0x00, 0xAF, 0xF8, 0x60, 0xB9, 0x60, 0x7A, 0x60, 0x00, 0x23, 
0x18, 0x46, 0x14, 0x37, 0xBD, 0x46, 0x80, 0xBC, 0x70, 0x47, 0x00, 0x00, 
0x80, 0xB5, 0x86, 0xB0, 0x00, 0xAF, 0x78, 0x60, 0x14, 0x4A, 0x15, 0x4B, 
0xD3, 0x1A, 0x7B, 0x61, 0x7B, 0x69, 0x3B, 0x61, 0x13, 0x4B, 0x1B, 0x68, 
0x00, 0x2B, 0x02, 0xD1, 0x11, 0x4B, 0x12, 0x4A, 0x1A, 0x60, 0x10, 0x4B, 
0x1A, 0x68, 0x7B, 0x68, 0x13, 0x44, 0x3A, 0x69, 0x9A, 0x42, 0x07, 0xD2, 
0x02, 0xF0, 0xE2, 0xFE, 0x03, 0x46, 0x0C, 0x22, 0x1A, 0x60, 0x4F, 0xF0, 
0xFF, 0x33, 0x09, 0xE0, 0x08, 0x4B, 0x1B, 0x68, 0xFB, 0x60, 0x07, 0x4B, 
0x1A, 0x68, 0x7B, 0x68, 0x13, 0x44, 0x05, 0x4A, 0x13, 0x60, 0xFB, 0x68, 
0x18, 0x46, 0x18, 0x37, 0xBD, 0x46, 0x80, 0xBD, 0x00, 0x50, 0x00, 0x20, 
0x00, 0x04, 0x00, 0x00, 0xF4, 0x0F, 0x00, 0x20, 0x70, 0x11, 0x00, 0x20, 
0x80, 0xB4, 0x00, 0xAF, 0x00, 0xBF, 0xBD, 0x46, 0x80, 0xBC, 0x70, 0x47, 
0xFF, 0xF7, 0xF8, 0xFF, 0x0B, 0x48, 0x0C, 0x49, 0x0C, 0x4A, 0x00, 0x23, 
0x02, 0xE0, 0xD4, 0x58, 0xC4, 0x50, 0x04, 0x33, 0xC4, 0x18, 0x8C, 0x42, 
0xF9, 0xD3, 0x09, 0x4A, 0x09, 0x4C, 0x00, 0x23, 0x01, 0xE0, 0x13, 0x60, 
0x04, 0x32, 0xA2, 0x42, 0xFB, 0xD3, 0x02, 0xF0, 0xAF, 0xFE, 0xFF, 0xF7, 
0x23, 0xFC, 0x70, 0x47, 0x00, 0x00, 0x00, 0x20, 0x68, 0x00, 0x00, 0x20, 
0x64, 0xA3, 0x00, 0x08, 0x68, 0x00, 0x00, 0x20, 0x6C, 0x11, 0x00, 0x20, 
0xFE, 0xE7, 0x00, 0x00, 0x80, 0xB5, 0x00, 0xAF, 0x08, 0x4B, 0x1B, 0x68, 
0x07, 0x4A, 0x43, 0xF0, 0x10, 0x03, 0x13, 0x60, 0x03, 0x20, 0x00, 0xF0, 
0x47, 0xF9, 0x0F, 0x20, 0x00, 0xF0, 0x08, 0xF8, 0xFF, 0xF7, 0xBC, 0xFD, 
0x00, 0x23, 0x18, 0x46, 0x80, 0xBD, 0x00, 0xBF, 0x00, 0x20, 0x02, 0x40, 
0x80, 0xB5, 0x82, 0xB0, 0x00, 0xAF, 0x78, 0x60, 0x12, 0x4B, 0x1A, 0x68, 
0x12, 0x4B, 0x1B, 0x78, 0x19, 0x46, 0x4F, 0xF4, 0x7A, 0x73, 0xB3, 0xFB, 
0xF1, 0xF3, 0xB2, 0xFB, 0xF3, 0xF3, 0x18, 0x46, 0x00, 0xF0, 0x5F, 0xF9, 
0x03, 0x46, 0x00, 0x2B, 0x01, 0xD0, 0x01, 0x23, 0x0E, 0xE0, 0x7B, 0x68, 
0x0F, 0x2B, 0x0A, 0xD8, 0x00, 0x22, 0x79, 0x68, 0x4F, 0xF0, 0xFF, 0x30, 
0x00, 0xF0, 0x27, 0xF9, 0x06, 0x4A, 0x7B, 0x68, 0x13, 0x60, 0x00, 0x23, 
0x00, 0xE0, 0x01, 0x23, 0x18, 0x46, 0x08, 0x37, 0xBD, 0x46, 0x80, 0xBD, 
0x00, 0x00, 0x00, 0x20, 0x08, 0x00, 0x00, 0x20, 0x04, 0x00, 0x00, 0x20, 
0x80, 0xB4, 0x00, 0xAF, 0x05, 0x4B, 0x1B, 0x78, 0x1A, 0x46, 0x05, 0x4B, 
0x1B, 0x68, 0x13, 0x44, 0x03, 0x4A, 0x13, 0x60, 0x00, 0xBF, 0xBD, 0x46, 
0x80, 0xBC, 0x70, 0x47, 0x08, 0x00, 0x00, 0x20, 0xF8, 0x0F, 0x00, 0x20, 
0x80, 0xB4, 0x00, 0xAF, 0x02, 0x4B, 0x1B, 0x68, 0x18, 0x46, 0xBD, 0x46, 
0x80, 0xBC, 0x70, 0x47, 0xF8, 0x0F, 0x00, 0x20, 0x80, 0xB5, 0x84, 0xB0, 
0x00, 0xAF, 0x78, 0x60, 0xFF, 0xF7, 0xF0, 0xFF, 0xB8, 0x60, 0x7B, 0x68, 
0xFB, 0x60, 0xFB, 0x68, 0xB3, 0xF1, 0xFF, 0x3F, 0x05, 0xD0, 0x0A, 0x4B, 
0x1B, 0x78, 0x1A, 0x46, 0xFB, 0x68, 0x13, 0x44, 0xFB, 0x60, 0x00, 0xBF, 
0xFF, 0xF7, 0xE0, 0xFF, 0x02, 0x46, 0xBB, 0x68, 0xD3, 0x1A, 0xFA, 0x68, 
0x9A, 0x42, 0xF7, 0xD8, 0x00, 0xBF, 0x00, 0xBF, 0x10, 0x37, 0xBD, 0x46, 
0x80, 0xBD, 0x00, 0xBF, 0x08, 0x00, 0x00, 0x20, 0x80, 0xB4, 0x85, 0xB0, 
0x00, 0xAF, 0x78, 0x60, 0x7B, 0x68, 0x03, 0xF0, 0x07, 0x03, 0xFB, 0x60, 
0x0C, 0x4B, 0xDB, 0x68, 0xBB, 0x60, 0xBA, 0x68, 0x4F, 0xF6, 0xFF, 0x03, 
0x13, 0x40, 0xBB, 0x60, 0xFB, 0x68, 0x1A, 0x02, 0xBB, 0x68, 0x13, 0x43, 
0x43, 0xF0, 0xBF, 0x63, 0x43, 0xF4, 0x00, 0x33, 0xBB, 0x60, 0x04, 0x4A, 
0xBB, 0x68, 0xD3, 0x60, 0x00, 0xBF, 0x14, 0x37, 0xBD, 0x46, 0x80, 0xBC, 
0x70, 0x47, 0x00, 0xBF, 0x00, 0xED, 0x00, 0xE0, 0x80, 0xB4, 0x00, 0xAF, 
0x04, 0x4B, 0xDB, 0x68, 0x1B, 0x0A, 0x03, 0xF0, 0x07, 0x03, 0x18, 0x46, 
0xBD, 0x46, 0x80, 0xBC, 0x70, 0x47, 0x00, 0xBF, 0x00, 0xED, 0x00, 0xE0, 
0x80, 0xB4, 0x83, 0xB0, 0x00, 0xAF, 0x03, 0x46, 0xFB, 0x71, 0x97, 0xF9, 
0x07, 0x30, 0x00, 0x2B, 0x0B, 0xDB, 0xFB, 0x79, 0x03, 0xF0, 0x1F, 0x02, 
0x06, 0x49, 0x97, 0xF9, 0x07, 0x30, 0x5B, 0x09, 0x01, 0x20, 0x00, 0xFA, 
0x02, 0xF2, 0x41, 0xF8, 0x23, 0x20, 0x00, 0xBF, 0x0C, 0x37, 0xBD, 0x46, 
0x80, 0xBC, 0x70, 0x47, 0x00, 0xE1, 0x00, 0xE0, 0x80, 0xB4, 0x83, 0xB0, 
0x00, 0xAF, 0x03, 0x46, 0x39, 0x60, 0xFB, 0x71, 0x97, 0xF9, 0x07, 0x30, 
0x00, 0x2B, 0x0A, 0xDB, 0x3B, 0x68, 0xDA, 0xB2, 0x0C, 0x49, 0x97, 0xF9, 
0x07, 0x30, 0x12, 0x01, 0xD2, 0xB2, 0x0B, 0x44, 0x83, 0xF8, 0x00, 0x23, 
0x0A, 0xE0, 0x3B, 0x68, 0xDA, 0xB2, 0x08, 0x49, 0xFB, 0x79, 0x03, 0xF0, 
0x0F, 0x03, 0x04, 0x3B, 0x12, 0x01, 0xD2, 0xB2, 0x0B, 0x44, 0x1A, 0x76, 
0x00, 0xBF, 0x0C, 0x37, 0xBD, 0x46, 0x80, 0xBC, 0x70, 0x47, 0x00, 0xBF, 
0x00, 0xE1, 0x00, 0xE0, 0x00, 0xED, 0x00, 0xE0, 0x80, 0xB4, 0x89, 0xB0, 
0x00, 0xAF, 0xF8, 0x60, 0xB9, 0x60, 0x7A, 0x60, 0xFB, 0x68, 0x03, 0xF0, 
0x07, 0x03, 0xFB, 0x61, 0xFB, 0x69, 0xC3, 0xF1, 0x07, 0x03, 0x04, 0x2B, 
0x28, 0xBF, 0x04, 0x23, 0xBB, 0x61, 0xFB, 0x69, 0x04, 0x33, 0x06, 0x2B, 
0x02, 0xD9, 0xFB, 0x69, 0x03, 0x3B, 0x00, 0xE0, 0x00, 0x23, 0x7B, 0x61, 
0x4F, 0xF0, 0xFF, 0x32, 0xBB, 0x69, 0x02, 0xFA, 0x03, 0xF3, 0xDA, 0x43, 
0xBB, 0x68, 0x1A, 0x40, 0x7B, 0x69, 0x9A, 0x40, 0x4F, 0xF0, 0xFF, 0x31, 
0x7B, 0x69, 0x01, 0xFA, 0x03, 0xF3, 0xD9, 0x43, 0x7B, 0x68, 0x0B, 0x40, 
0x13, 0x43, 0x18, 0x46, 0x24, 0x37, 0xBD, 0x46, 0x80, 0xBC, 0x70, 0x47, 
0x80, 0xB5, 0x82, 0xB0, 0x00, 0xAF, 0x78, 0x60, 0x7B, 0x68, 0x01, 0x3B, 
0xB3, 0xF1, 0x80, 0x7F, 0x01, 0xD3, 0x01, 0x23, 0x0F, 0xE0, 0x0A, 0x4A, 
0x7B, 0x68, 0x01, 0x3B, 0x53, 0x60, 0x0F, 0x21, 0x4F, 0xF0, 0xFF, 0x30, 
0xFF, 0xF7, 0x90, 0xFF, 0x05, 0x4B, 0x00, 0x22, 0x9A, 0x60, 0x04, 0x4B, 
0x07, 0x22, 0x1A, 0x60, 0x00, 0x23, 0x18, 0x46, 0x08, 0x37, 0xBD, 0x46, 
0x80, 0xBD, 0x00, 0xBF, 0x10, 0xE0, 0x00, 0xE0, 0x80, 0xB5, 0x82, 0xB0, 
0x00, 0xAF, 0x78, 0x60, 0x78, 0x68, 0xFF, 0xF7, 0x2D, 0xFF, 0x00, 0xBF, 
0x08, 0x37, 0xBD, 0x46, 0x80, 0xBD, 0x80, 0xB5, 0x86, 0xB0, 0x00, 0xAF, 
0x03, 0x46, 0xB9, 0x60, 0x7A, 0x60, 0xFB, 0x73, 0x00, 0x23, 0x7B, 0x61, 
0xFF, 0xF7, 0x42, 0xFF, 0x78, 0x61, 0x7A, 0x68, 0xB9, 0x68, 0x78, 0x69, 
0xFF, 0xF7, 0x90, 0xFF, 0x02, 0x46, 0x97, 0xF9, 0x0F, 0x30, 0x11, 0x46, 
0x18, 0x46, 0xFF, 0xF7, 0x5F, 0xFF, 0x00, 0xBF, 0x18, 0x37, 0xBD, 0x46, 
0x80, 0xBD, 0x80, 0xB5, 0x82, 0xB0, 0x00, 0xAF, 0x03, 0x46, 0xFB, 0x71, 
0x97, 0xF9, 0x07, 0x30, 0x18, 0x46, 0xFF, 0xF7, 0x35, 0xFF, 0x00, 0xBF, 
0x08, 0x37, 0xBD, 0x46, 0x80, 0xBD, 0x80, 0xB5, 0x82, 0xB0, 0x00, 0xAF, 
0x78, 0x60, 0x78, 0x68, 0xFF, 0xF7, 0xA2, 0xFF, 0x03, 0x46, 0x18, 0x46, 
0x08, 0x37, 0xBD, 0x46, 0x80, 0xBD, 0x00, 0x00, 0x80, 0xB4, 0x85, 0xB0, 
0x00, 0xAF, 0x78, 0x60, 0x00, 0x23, 0xFB, 0x60, 0x7B, 0x68, 0x00, 0x2B, 
0x01, 0xD1, 0x01, 0x23, 0x43, 0xE0, 0x7B, 0x68, 0x1B, 0x68, 0x1A, 0x46, 
0x22, 0x4B, 0x13, 0x44, 0x22, 0x4A, 0xA2, 0xFB, 0x03, 0x23, 0x1B, 0x09, 
0x9A, 0x00, 0x7B, 0x68, 0x1A, 0x64, 0x7B, 0x68, 0x1F, 0x4A, 0xDA, 0x63, 
0x7B, 0x68, 0x02, 0x22, 0x83, 0xF8, 0x21, 0x20, 0x7B, 0x68, 0x1B, 0x68, 
0x1B, 0x68, 0xFB, 0x60, 0xFB, 0x68, 0x23, 0xF4, 0x7F, 0x53, 0x23, 0xF0, 
0x30, 0x03, 0xFB, 0x60, 0x7B, 0x68, 0x5A, 0x68, 0x7B, 0x68, 0x9B, 0x68, 
0x1A, 0x43, 0x7B, 0x68, 0xDB, 0x68, 0x1A, 0x43, 0x7B, 0x68, 0x1B, 0x69, 
0x1A, 0x43, 0x7B, 0x68, 0x5B, 0x69, 0x1A, 0x43, 0x7B, 0x68, 0x9B, 0x69, 
0x1A, 0x43, 0x7B, 0x68, 0xDB, 0x69, 0x13, 0x43, 0xFA, 0x68, 0x13, 0x43, 
0xFB, 0x60, 0x7B, 0x68, 0x1B, 0x68, 0xFA, 0x68, 0x1A, 0x60, 0x7B, 0x68, 
0x00, 0x22, 0x9A, 0x63, 0x7B, 0x68, 0x01, 0x22, 0x83, 0xF8, 0x21, 0x20, 
0x7B, 0x68, 0x00, 0x22, 0x83, 0xF8, 0x20, 0x20, 0x00, 0x23, 0x18, 0x46, 
0x14, 0x37, 0xBD, 0x46, 0x80, 0xBC, 0x70, 0x47, 0xF8, 0xFF, 0xFD, 0xBF, 
0xCD, 0xCC, 0xCC, 0xCC, 0x00, 0x00, 0x02, 0x40, 0x80, 0xB5, 0x86, 0xB0, 
0x00, 0xAF, 0xF8, 0x60, 0xB9, 0x60, 0x7A, 0x60, 0x3B, 0x60, 0x00, 0x23, 
0xFB, 0x75, 0xFB, 0x68, 0x93, 0xF8, 0x20, 0x30, 0x01, 0x2B, 0x01, 0xD1, 
0x02, 0x23, 0x4B, 0xE0, 0xFB, 0x68, 0x01, 0x22, 0x83, 0xF8, 0x20, 0x20, 
0xFB, 0x68, 0x93, 0xF8, 0x21, 0x30, 0xDB, 0xB2, 0x01, 0x2B, 0x3A, 0xD1, 
0xFB, 0x68, 0x02, 0x22, 0x83, 0xF8, 0x21, 0x20, 0xFB, 0x68, 0x00, 0x22, 
0x9A, 0x63, 0xFB, 0x68, 0x1B, 0x68, 0x1A, 0x68, 0xFB, 0x68, 0x1B, 0x68, 
0x22, 0xF0, 0x01, 0x02, 0x1A, 0x60, 0x3B, 0x68, 0x7A, 0x68, 0xB9, 0x68, 
0xF8, 0x68, 0x00, 0xF0, 0x37, 0xF9, 0xFB, 0x68, 0xDB, 0x6A, 0x00, 0x2B, 
0x08, 0xD0, 0xFB, 0x68, 0x1B, 0x68, 0x1A, 0x68, 0xFB, 0x68, 0x1B, 0x68, 
0x42, 0xF0, 0x0E, 0x02, 0x1A, 0x60, 0x0F, 0xE0, 0xFB, 0x68, 0x1B, 0x68, 
0x1A, 0x68, 0xFB, 0x68, 0x1B, 0x68, 0x22, 0xF0, 0x04, 0x02, 0x1A, 0x60, 
0xFB, 0x68, 0x1B, 0x68, 0x1A, 0x68, 0xFB, 0x68, 0x1B, 0x68, 0x42, 0xF0, 
0x0A, 0x02, 0x1A, 0x60, 0xFB, 0x68, 0x1B, 0x68, 0x1A, 0x68, 0xFB, 0x68, 
0x1B, 0x68, 0x42, 0xF0, 0x01, 0x02, 0x1A, 0x60, 0x05, 0xE0, 0xFB, 0x68, 
0x00, 0x22, 0x83, 0xF8, 0x20, 0x20, 0x02, 0x23, 0xFB, 0x75, 0xFB, 0x7D, 
0x18, 0x46, 0x18, 0x37, 0xBD, 0x46, 0x80, 0xBD, 0x80, 0xB5, 0x84, 0xB0, 
0x00, 0xAF, 0x78, 0x60, 0x7B, 0x68, 0xDB, 0x6B, 0x1B, 0x68, 0xFB, 0x60, 
0x7B, 0x68, 0x1B, 0x68, 0x1B, 0x68, 0xBB, 0x60, 0x7B, 0x68, 0x1B, 0x6C, 
0x04, 0x22, 0x9A, 0x40, 0xFB, 0x68, 0x13, 0x40, 0x00, 0x2B, 0x4F, 0xD0, 
0xBB, 0x68, 0x03, 0xF0, 0x04, 0x03, 0x00, 0x2B, 0x4A, 0xD0, 0x7B, 0x68, 
0x1B, 0x68, 0x1B, 0x68, 0x03, 0xF0, 0x20, 0x03, 0x00, 0x2B, 0x07, 0xD1, 
0x7B, 0x68, 0x1B, 0x68, 0x1A, 0x68, 0x7B, 0x68, 0x1B, 0x68, 0x22, 0xF0, 
0x04, 0x02, 0x1A, 0x60, 0x7B, 0x68, 0x1B, 0x68, 0x66, 0x4A, 0x93, 0x42, 
0x29, 0xD0, 0x7B, 0x68, 0x1B, 0x68, 0x65, 0x4A, 0x93, 0x42, 0x22, 0xD0, 
0x7B, 0x68, 0x1B, 0x68, 0x63, 0x4A, 0x93, 0x42, 0x1A, 0xD0, 0x7B, 0x68, 
0x1B, 0x68, 0x62, 0x4A, 0x93, 0x42, 0x12, 0xD0, 0x7B, 0x68, 0x1B, 0x68, 
0x60, 0x4A, 0x93, 0x42, 0x0A, 0xD0, 0x7B, 0x68, 0x1B, 0x68, 0x5F, 0x4A, 
0x93, 0x42, 0x02, 0xD1, 0x4F, 0xF4, 0x80, 0x03, 0x0E, 0xE0, 0x4F, 0xF0, 
0x80, 0x63, 0x0B, 0xE0, 0x4F, 0xF4, 0x80, 0x23, 0x08, 0xE0, 0x4F, 0xF4, 
0x80, 0x43, 0x05, 0xE0, 0x4F, 0xF4, 0x80, 0x63, 0x02, 0xE0, 0x40, 0x23, 
0x00, 0xE0, 0x04, 0x23, 0x55, 0x4A, 0x53, 0x60, 0x7B, 0x68, 0xDB, 0x6A, 
0x00, 0x2B, 0x00, 0xF0, 0x94, 0x80, 0x7B, 0x68, 0xDB, 0x6A, 0x78, 0x68, 
0x98, 0x47, 0x8E, 0xE0, 0x7B, 0x68, 0x1B, 0x6C, 0x02, 0x22, 0x9A, 0x40, 
0xFB, 0x68, 0x13, 0x40, 0x00, 0x2B, 0x56, 0xD0, 0xBB, 0x68, 0x03, 0xF0, 
0x02, 0x03, 0x00, 0x2B, 0x51, 0xD0, 0x7B, 0x68, 0x1B, 0x68, 0x1B, 0x68, 
0x03, 0xF0, 0x20, 0x03, 0x00, 0x2B, 0x0B, 0xD1, 0x7B, 0x68, 0x1B, 0x68, 
0x1A, 0x68, 0x7B, 0x68, 0x1B, 0x68, 0x22, 0xF0, 0x0A, 0x02, 0x1A, 0x60, 
0x7B, 0x68, 0x01, 0x22, 0x83, 0xF8, 0x21, 0x20, 0x7B, 0x68, 0x1B, 0x68, 
0x38, 0x4A, 0x93, 0x42, 0x29, 0xD0, 0x7B, 0x68, 0x1B, 0x68, 0x37, 0x4A, 
0x93, 0x42, 0x22, 0xD0, 0x7B, 0x68, 0x1B, 0x68, 0x35, 0x4A, 0x93, 0x42, 
0x1A, 0xD0, 0x7B, 0x68, 0x1B, 0x68, 0x34, 0x4A, 0x93, 0x42, 0x12, 0xD0, 
0x7B, 0x68, 0x1B, 0x68, 0x32, 0x4A, 0x93, 0x42, 0x0A, 0xD0, 0x7B, 0x68, 
0x1B, 0x68, 0x31, 0x4A, 0x93, 0x42, 0x02, 0xD1, 0x4F, 0xF4, 0x00, 0x13, 
0x0E, 0xE0, 0x4F, 0xF0, 0x00, 0x73, 0x0B, 0xE0, 0x4F, 0xF4, 0x00, 0x33, 
0x08, 0xE0, 0x4F, 0xF4, 0x00, 0x53, 0x05, 0xE0, 0x4F, 0xF4, 0x00, 0x73, 
0x02, 0xE0, 0x20, 0x23, 0x00, 0xE0, 0x02, 0x23, 0x27, 0x4A, 0x53, 0x60, 
0x7B, 0x68, 0x00, 0x22, 0x83, 0xF8, 0x20, 0x20, 0x7B, 0x68, 0x9B, 0x6A, 
0x00, 0x2B, 0x34, 0xD0, 0x7B, 0x68, 0x9B, 0x6A, 0x78, 0x68, 0x98, 0x47, 
0x2F, 0xE0, 0x7B, 0x68, 0x1B, 0x6C, 0x08, 0x22, 0x9A, 0x40, 0xFB, 0x68, 
0x13, 0x40, 0x00, 0x2B, 0x28, 0xD0, 0xBB, 0x68, 0x03, 0xF0, 0x08, 0x03, 
0x00, 0x2B, 0x23, 0xD0, 0x7B, 0x68, 0x1B, 0x68, 0x1A, 0x68, 0x7B, 0x68, 
0x1B, 0x68, 0x22, 0xF0, 0x0E, 0x02, 0x1A, 0x60, 0x7B, 0x68, 0x1A, 0x6C, 
0x7B, 0x68, 0xDB, 0x6B, 0x01, 0x21, 0x01, 0xFA, 0x02, 0xF2, 0x5A, 0x60, 
0x7B, 0x68, 0x01, 0x22, 0x9A, 0x63, 0x7B, 0x68, 0x01, 0x22, 0x83, 0xF8, 
0x21, 0x20, 0x7B, 0x68, 0x00, 0x22, 0x83, 0xF8, 0x20, 0x20, 0x7B, 0x68, 
0x1B, 0x6B, 0x00, 0x2B, 0x04, 0xD0, 0x7B, 0x68, 0x1B, 0x6B, 0x78, 0x68, 
0x98, 0x47, 0x00, 0xBF, 0x00, 0xBF, 0x10, 0x37, 0xBD, 0x46, 0x80, 0xBD, 
0x08, 0x00, 0x02, 0x40, 0x1C, 0x00, 0x02, 0x40, 0x30, 0x00, 0x02, 0x40, 
0x44, 0x00, 0x02, 0x40, 0x58, 0x00, 0x02, 0x40, 0x6C, 0x00, 0x02, 0x40, 
0x00, 0x00, 0x02, 0x40, 0x80, 0xB4, 0x85, 0xB0, 0x00, 0xAF, 0xF8, 0x60, 
0xB9, 0x60, 0x7A, 0x60, 0x3B, 0x60, 0xFB, 0x68, 0x1A, 0x6C, 0xFB, 0x68, 
0xDB, 0x6B, 0x01, 0x21, 0x01, 0xFA, 0x02, 0xF2, 0x5A, 0x60, 0xFB, 0x68, 
0x1B, 0x68, 0x3A, 0x68, 0x5A, 0x60, 0xFB, 0x68, 0x5B, 0x68, 0x10, 0x2B, 
0x08, 0xD1, 0xFB, 0x68, 0x1B, 0x68, 0x7A, 0x68, 0x9A, 0x60, 0xFB, 0x68, 
0x1B, 0x68, 0xBA, 0x68, 0xDA, 0x60, 0x07, 0xE0, 0xFB, 0x68, 0x1B, 0x68, 
0xBA, 0x68, 0x9A, 0x60, 0xFB, 0x68, 0x1B, 0x68, 0x7A, 0x68, 0xDA, 0x60, 
0x00, 0xBF, 0x14, 0x37, 0xBD, 0x46, 0x80, 0xBC, 0x70, 0x47, 0x00, 0x00, 
0xF0, 0xB5, 0x87, 0xB0, 0x00, 0xAF, 0xF8, 0x60, 0xB9, 0x60, 0xC7, 0xE9, 
0x00, 0x23, 0x01, 0x23, 0xFB, 0x75, 0x00, 0x23, 0xBB, 0x75, 0x00, 0x23, 
0x7B, 0x75, 0x2F, 0x4B, 0x1B, 0x7E, 0x01, 0x2B, 0x01, 0xD1, 0x02, 0x23, 
0x54, 0xE0, 0x2C, 0x4B, 0x01, 0x22, 0x1A, 0x76, 0x4C, 0xF2, 0x50, 0x30, 
0x00, 0xF0, 0xA8, 0xF8, 0x03, 0x46, 0xFB, 0x75, 0xFB, 0x7D, 0x00, 0x2B, 
0x44, 0xD1, 0xFB, 0x68, 0x01, 0x2B, 0x02, 0xD1, 0x01, 0x23, 0x7B, 0x75, 
0x07, 0xE0, 0xFB, 0x68, 0x02, 0x2B, 0x02, 0xD1, 0x02, 0x23, 0x7B, 0x75, 
0x01, 0xE0, 0x04, 0x23, 0x7B, 0x75, 0x00, 0x23, 0xBB, 0x75, 0x2D, 0xE0, 
0xBB, 0x7D, 0x5A, 0x00, 0xBB, 0x68, 0x02, 0xEB, 0x03, 0x0C, 0xBB, 0x7D, 
0x19, 0x01, 0xD7, 0xE9, 0x00, 0x23, 0xC1, 0xF1, 0x20, 0x06, 0xA1, 0xF1, 
0x20, 0x00, 0x22, 0xFA, 0x01, 0xF4, 0x03, 0xFA, 0x06, 0xF6, 0x34, 0x43, 
0x23, 0xFA, 0x00, 0xF0, 0x04, 0x43, 0x23, 0xFA, 0x01, 0xF5, 0xA3, 0xB2, 
0x19, 0x46, 0x60, 0x46, 0x00, 0xF0, 0x5A, 0xF8, 0x4C, 0xF2, 0x50, 0x30, 
0x00, 0xF0, 0x72, 0xF8, 0x03, 0x46, 0xFB, 0x75, 0x0D, 0x4B, 0x1B, 0x69, 
0x0C, 0x4A, 0x23, 0xF0, 0x01, 0x03, 0x13, 0x61, 0xFB, 0x7D, 0x00, 0x2B, 
0x07, 0xD1, 0xBB, 0x7D, 0x01, 0x33, 0xBB, 0x75, 0xBA, 0x7D, 0x7B, 0x7D, 
0x9A, 0x42, 0xCD, 0xD3, 0x00, 0xE0, 0x00, 0xBF, 0x03, 0x4B, 0x00, 0x22, 
0x1A, 0x76, 0xFB, 0x7D, 0x18, 0x46, 0x1C, 0x37, 0xBD, 0x46, 0xF0, 0xBD, 
0x00, 0x10, 0x00, 0x20, 0x00, 0x20, 0x02, 0x40, 0x80, 0xB4, 0x83, 0xB0, 
0x00, 0xAF, 0x00, 0x23, 0xFB, 0x71, 0x0D, 0x4B, 0x1B, 0x69, 0x03, 0xF0, 
0x80, 0x03, 0x00, 0x2B, 0x0D, 0xD0, 0x0A, 0x4B, 0x0A, 0x4A, 0x5A, 0x60, 
0x08, 0x4B, 0x0A, 0x4A, 0x5A, 0x60, 0x07, 0x4B, 0x1B, 0x69, 0x03, 0xF0, 
0x80, 0x03, 0x00, 0x2B, 0x01, 0xD0, 0x01, 0x23, 0xFB, 0x71, 0xFB, 0x79, 
0x18, 0x46, 0x0C, 0x37, 0xBD, 0x46, 0x80, 0xBC, 0x70, 0x47, 0x00, 0xBF, 
0x00, 0x20, 0x02, 0x40, 0x23, 0x01, 0x67, 0x45, 0xAB, 0x89, 0xEF, 0xCD, 
0x80, 0xB4, 0x00, 0xAF, 0x05, 0x4B, 0x1B, 0x69, 0x04, 0x4A, 0x43, 0xF0, 
0x80, 0x03, 0x13, 0x61, 0x00, 0x23, 0x18, 0x46, 0xBD, 0x46, 0x80, 0xBC, 
0x70, 0x47, 0x00, 0xBF, 0x00, 0x20, 0x02, 0x40, 0x80, 0xB4, 0x83, 0xB0, 
0x00, 0xAF, 0x78, 0x60, 0x0B, 0x46, 0x7B, 0x80, 0x08, 0x4B, 0x00, 0x22, 
0xDA, 0x61, 0x08, 0x4B, 0x1B, 0x69, 0x07, 0x4A, 0x43, 0xF0, 0x01, 0x03, 
0x13, 0x61, 0x7B, 0x68, 0x7A, 0x88, 0x1A, 0x80, 0x00, 0xBF, 0x0C, 0x37, 
0xBD, 0x46, 0x80, 0xBC, 0x70, 0x47, 0x00, 0xBF, 0x00, 0x10, 0x00, 0x20, 
0x00, 0x20, 0x02, 0x40, 0x80, 0xB5, 0x84, 0xB0, 0x00, 0xAF, 0x78, 0x60, 
0xFF, 0xF7, 0x0E, 0xFC, 0xF8, 0x60, 0x10, 0xE0, 0x7B, 0x68, 0xB3, 0xF1, 
0xFF, 0x3F, 0x0C, 0xD0, 0x7B, 0x68, 0x00, 0x2B, 0x07, 0xD0, 0xFF, 0xF7, 
0x03, 0xFC, 0x02, 0x46, 0xFB, 0x68, 0xD3, 0x1A, 0x7A, 0x68, 0x9A, 0x42, 
0x01, 0xD2, 0x03, 0x23, 0x25, 0xE0, 0x15, 0x4B, 0xDB, 0x68, 0x03, 0xF0, 
0x01, 0x03, 0x00, 0x2B, 0xE8, 0xD1, 0x12, 0x4B, 0xDB, 0x68, 0x03, 0xF0, 
0x20, 0x03, 0x00, 0x2B, 0x02, 0xD0, 0x0F, 0x4B, 0x20, 0x22, 0xDA, 0x60, 
0x0D, 0x4B, 0xDB, 0x68, 0x03, 0xF0, 0x10, 0x03, 0x00, 0x2B, 0x0B, 0xD1, 
0x0A, 0x4B, 0xDB, 0x69, 0x03, 0xF0, 0x01, 0x03, 0x00, 0x2B, 0x05, 0xD1, 
0x07, 0x4B, 0xDB, 0x68, 0x03, 0xF0, 0x04, 0x03, 0x00, 0x2B, 0x03, 0xD0, 
0x00, 0xF0, 0x0A, 0xF8, 0x01, 0x23, 0x00, 0xE0, 0x00, 0x23, 0x18, 0x46, 
0x10, 0x37, 0xBD, 0x46, 0x80, 0xBD, 0x00, 0xBF, 0x00, 0x20, 0x02, 0x40, 
0x80, 0xB4, 0x83, 0xB0, 0x00, 0xAF, 0x00, 0x23, 0x7B, 0x60, 0x23, 0x4B, 
0xDB, 0x68, 0x03, 0xF0, 0x10, 0x03, 0x00, 0x2B, 0x09, 0xD0, 0x21, 0x4B, 
0xDB, 0x69, 0x43, 0xF0, 0x02, 0x03, 0x1F, 0x4A, 0xD3, 0x61, 0x7B, 0x68, 
0x43, 0xF0, 0x10, 0x03, 0x7B, 0x60, 0x1B, 0x4B, 0xDB, 0x68, 0x03, 0xF0, 
0x04, 0x03, 0x00, 0x2B, 0x09, 0xD0, 0x19, 0x4B, 0xDB, 0x69, 0x43, 0xF0, 
0x01, 0x03, 0x17, 0x4A, 0xD3, 0x61, 0x7B, 0x68, 0x43, 0xF0, 0x04, 0x03, 
0x7B, 0x60, 0x13, 0x4B, 0xDB, 0x69, 0x03, 0xF0, 0x01, 0x03, 0x00, 0x2B, 
0x0B, 0xD0, 0x11, 0x4B, 0xDB, 0x69, 0x43, 0xF0, 0x04, 0x03, 0x0F, 0x4A, 
0xD3, 0x61, 0x0D, 0x4B, 0xDB, 0x69, 0x0C, 0x4A, 0x23, 0xF0, 0x01, 0x03, 
0xD3, 0x61, 0x7B, 0x68, 0x40, 0xF2, 0x01, 0x12, 0x93, 0x42, 0x06, 0xD1, 
0x07, 0x4B, 0xDB, 0x69, 0x06, 0x4A, 0x23, 0xF0, 0x01, 0x03, 0xD3, 0x61, 
0x02, 0xE0, 0x04, 0x4A, 0x7B, 0x68, 0xD3, 0x60, 0x00, 0xBF, 0x0C, 0x37, 
0xBD, 0x46, 0x80, 0xBC, 0x70, 0x47, 0x00, 0xBF, 0x00, 0x20, 0x02, 0x40, 
0x00, 0x10, 0x00, 0x20, 0x80, 0xB5, 0x84, 0xB0, 0x00, 0xAF, 0x78, 0x60, 
0x39, 0x60, 0x01, 0x23, 0xFB, 0x73, 0x00, 0x23, 0xBB, 0x60, 0x2F, 0x4B, 
0x1B, 0x7E, 0x01, 0x2B, 0x01, 0xD1, 0x02, 0x23, 0x53, 0xE0, 0x2C, 0x4B, 
0x01, 0x22, 0x1A, 0x76, 0x7B, 0x68, 0x1B, 0x68, 0x02, 0x2B, 0x16, 0xD1, 
0x4C, 0xF2, 0x50, 0x30, 0xFF, 0xF7, 0x50, 0xFF, 0x03, 0x46, 0x00, 0x2B, 
0x41, 0xD1, 0x01, 0x20, 0x00, 0xF0, 0x4C, 0xF8, 0x4C, 0xF2, 0x50, 0x30, 
0xFF, 0xF7, 0x46, 0xFF, 0x03, 0x46, 0xFB, 0x73, 0x21, 0x4B, 0x1B, 0x69, 
0x20, 0x4A, 0x23, 0xF0, 0x04, 0x03, 0x13, 0x61, 0x31, 0xE0, 0x4C, 0xF2, 
0x50, 0x30, 0xFF, 0xF7, 0x39, 0xFF, 0x03, 0x46, 0x00, 0x2B, 0x2A, 0xD1, 
0x3B, 0x68, 0x4F, 0xF0, 0xFF, 0x32, 0x1A, 0x60, 0x7B, 0x68, 0x9B, 0x68, 
0xBB, 0x60, 0x19, 0xE0, 0xB8, 0x68, 0x00, 0xF0, 0x49, 0xF8, 0x4C, 0xF2, 
0x50, 0x30, 0xFF, 0xF7, 0x27, 0xFF, 0x03, 0x46, 0xFB, 0x73, 0x12, 0x4B, 
0x1B, 0x69, 0x11, 0x4A, 0x23, 0xF0, 0x02, 0x03, 0x13, 0x61, 0xFB, 0x7B, 
0x00, 0x2B, 0x03, 0xD0, 0x3B, 0x68, 0xBA, 0x68, 0x1A, 0x60, 0x0C, 0xE0, 
0xBB, 0x68, 0x03, 0xF5, 0x80, 0x63, 0xBB, 0x60, 0x7B, 0x68, 0xDB, 0x68, 
0x9A, 0x02, 0x7B, 0x68, 0x9B, 0x68, 0x13, 0x44, 0xBA, 0x68, 0x9A, 0x42, 
0xDC, 0xD3, 0x04, 0x4B, 0x00, 0x22, 0x1A, 0x76, 0xFB, 0x7B, 0x18, 0x46, 
0x10, 0x37, 0xBD, 0x46, 0x80, 0xBD, 0x00, 0xBF, 0x00, 0x10, 0x00, 0x20, 
0x00, 0x20, 0x02, 0x40, 0x80, 0xB4, 0x83, 0xB0, 0x00, 0xAF, 0x78, 0x60, 
0x09, 0x4B, 0x00, 0x22, 0xDA, 0x61, 0x09, 0x4B, 0x1B, 0x69, 0x08, 0x4A, 
0x43, 0xF0, 0x04, 0x03, 0x13, 0x61, 0x06, 0x4B, 0x1B, 0x69, 0x05, 0x4A, 
0x43, 0xF0, 0x40, 0x03, 0x13, 0x61, 0x00, 0xBF, 0x0C, 0x37, 0xBD, 0x46, 
0x80, 0xBC, 0x70, 0x47, 0x00, 0x10, 0x00, 0x20, 0x00, 0x20, 0x02, 0x40, 
0x80, 0xB4, 0x83, 0xB0, 0x00, 0xAF, 0x78, 0x60, 0x0B, 0x4B, 0x00, 0x22, 
0xDA, 0x61, 0x0B, 0x4B, 0x1B, 0x69, 0x0A, 0x4A, 0x43, 0xF0, 0x02, 0x03, 
0x13, 0x61, 0x08, 0x4A, 0x7B, 0x68, 0x53, 0x61, 0x06, 0x4B, 0x1B, 0x69, 
0x05, 0x4A, 0x43, 0xF0, 0x40, 0x03, 0x13, 0x61, 0x00, 0xBF, 0x0C, 0x37, 
0xBD, 0x46, 0x80, 0xBC, 0x70, 0x47, 0x00, 0xBF, 0x00, 0x10, 0x00, 0x20, 
0x00, 0x20, 0x02, 0x40, 0x80, 0xB4, 0x8B, 0xB0, 0x00, 0xAF, 0x78, 0x60, 
0x39, 0x60, 0x00, 0x23, 0x7B, 0x62, 0x00, 0x23, 0x3B, 0x62, 0x69, 0xE1, 
0x01, 0x22, 0x7B, 0x6A, 0x02, 0xFA, 0x03, 0xF3, 0xFB, 0x61, 0x3B, 0x68, 
0x1B, 0x68, 0xFA, 0x69, 0x13, 0x40, 0xBB, 0x61, 0xBA, 0x69, 0xFB, 0x69, 
0x9A, 0x42, 0x40, 0xF0, 0x58, 0x81, 0x3B, 0x68, 0x5B, 0x68, 0x9A, 0x4A, 
0x93, 0x42, 0x5E, 0xD0, 0x98, 0x4A, 0x93, 0x42, 0x75, 0xD8, 0x98, 0x4A, 
0x93, 0x42, 0x58, 0xD0, 0x96, 0x4A, 0x93, 0x42, 0x6F, 0xD8, 0x96, 0x4A, 
0x93, 0x42, 0x52, 0xD0, 0x94, 0x4A, 0x93, 0x42, 0x69, 0xD8, 0x94, 0x4A, 
0x93, 0x42, 0x4C, 0xD0, 0x92, 0x4A, 0x93, 0x42, 0x63, 0xD8, 0x92, 0x4A, 
0x93, 0x42, 0x46, 0xD0, 0x90, 0x4A, 0x93, 0x42, 0x5D, 0xD8, 0x12, 0x2B, 
0x2A, 0xD8, 0x12, 0x2B, 0x59, 0xD8, 0x01, 0xA2, 0x52, 0xF8, 0x23, 0xF0, 
0xB3, 0x6B, 0x00, 0x08, 0x8D, 0x6B, 0x00, 0x08, 0x9F, 0x6B, 0x00, 0x08, 
0xE1, 0x6B, 0x00, 0x08, 0xE7, 0x6B, 0x00, 0x08, 0xE7, 0x6B, 0x00, 0x08, 
0xE7, 0x6B, 0x00, 0x08, 0xE7, 0x6B, 0x00, 0x08, 0xE7, 0x6B, 0x00, 0x08, 
0xE7, 0x6B, 0x00, 0x08, 0xE7, 0x6B, 0x00, 0x08, 0xE7, 0x6B, 0x00, 0x08, 
0xE7, 0x6B, 0x00, 0x08, 0xE7, 0x6B, 0x00, 0x08, 0xE7, 0x6B, 0x00, 0x08, 
0xE7, 0x6B, 0x00, 0x08, 0xE7, 0x6B, 0x00, 0x08, 0x95, 0x6B, 0x00, 0x08, 
0xA9, 0x6B, 0x00, 0x08, 0x79, 0x4A, 0x93, 0x42, 0x13, 0xD0, 0x2C, 0xE0, 
0x3B, 0x68, 0xDB, 0x68, 0x3B, 0x62, 0x29, 0xE0, 0x3B, 0x68, 0xDB, 0x68, 
0x04, 0x33, 0x3B, 0x62, 0x24, 0xE0, 0x3B, 0x68, 0xDB, 0x68, 0x08, 0x33, 
0x3B, 0x62, 0x1F, 0xE0, 0x3B, 0x68, 0xDB, 0x68, 0x0C, 0x33, 0x3B, 0x62, 
0x1A, 0xE0, 0x3B, 0x68, 0x9B, 0x68, 0x00, 0x2B, 0x02, 0xD1, 0x04, 0x23, 
0x3B, 0x62, 0x13, 0xE0, 0x3B, 0x68, 0x9B, 0x68, 0x01, 0x2B, 0x05, 0xD1, 
0x08, 0x23, 0x3B, 0x62, 0x7B, 0x68, 0xFA, 0x69, 0x1A, 0x61, 0x09, 0xE0, 
0x08, 0x23, 0x3B, 0x62, 0x7B, 0x68, 0xFA, 0x69, 0x5A, 0x61, 0x03, 0xE0, 
0x00, 0x23, 0x3B, 0x62, 0x00, 0xE0, 0x00, 0xBF, 0xBB, 0x69, 0xFF, 0x2B, 
0x01, 0xD8, 0x7B, 0x68, 0x01, 0xE0, 0x7B, 0x68, 0x04, 0x33, 0x7B, 0x61, 
0xBB, 0x69, 0xFF, 0x2B, 0x02, 0xD8, 0x7B, 0x6A, 0x9B, 0x00, 0x02, 0xE0, 
0x7B, 0x6A, 0x08, 0x3B, 0x9B, 0x00, 0x3B, 0x61, 0x7B, 0x69, 0x1A, 0x68, 
0x0F, 0x21, 0x3B, 0x69, 0x01, 0xFA, 0x03, 0xF3, 0xDB, 0x43, 0x1A, 0x40, 
0x39, 0x6A, 0x3B, 0x69, 0x01, 0xFA, 0x03, 0xF3, 0x1A, 0x43, 0x7B, 0x69, 
0x1A, 0x60, 0x3B, 0x68, 0x5B, 0x68, 0x03, 0xF0, 0x80, 0x53, 0x00, 0x2B, 
0x00, 0xF0, 0xB1, 0x80, 0x4D, 0x4B, 0x9B, 0x69, 0x4C, 0x4A, 0x43, 0xF0, 
0x01, 0x03, 0x93, 0x61, 0x4A, 0x4B, 0x9B, 0x69, 0x03, 0xF0, 0x01, 0x03, 
0xBB, 0x60, 0xBB, 0x68, 0x48, 0x4A, 0x7B, 0x6A, 0x9B, 0x08, 0x02, 0x33, 
0x52, 0xF8, 0x23, 0x30, 0xFB, 0x60, 0x7B, 0x6A, 0x03, 0xF0, 0x03, 0x03, 
0x9B, 0x00, 0x0F, 0x22, 0x02, 0xFA, 0x03, 0xF3, 0xDB, 0x43, 0xFA, 0x68, 
0x13, 0x40, 0xFB, 0x60, 0x7B, 0x68, 0x40, 0x4A, 0x93, 0x42, 0x13, 0xD0, 
0x7B, 0x68, 0x3F, 0x4A, 0x93, 0x42, 0x0D, 0xD0, 0x7B, 0x68, 0x3E, 0x4A, 
0x93, 0x42, 0x07, 0xD0, 0x7B, 0x68, 0x3D, 0x4A, 0x93, 0x42, 0x01, 0xD1, 
0x03, 0x23, 0x06, 0xE0, 0x04, 0x23, 0x04, 0xE0, 0x02, 0x23, 0x02, 0xE0, 
0x01, 0x23, 0x00, 0xE0, 0x00, 0x23, 0x7A, 0x6A, 0x02, 0xF0, 0x03, 0x02, 
0x92, 0x00, 0x93, 0x40, 0xFA, 0x68, 0x13, 0x43, 0xFB, 0x60, 0x2F, 0x49, 
0x7B, 0x6A, 0x9B, 0x08, 0x02, 0x33, 0xFA, 0x68, 0x41, 0xF8, 0x23, 0x20, 
0x3B, 0x68, 0x5B, 0x68, 0x03, 0xF4, 0x80, 0x13, 0x00, 0x2B, 0x06, 0xD0, 
0x2D, 0x4B, 0x9A, 0x68, 0x2C, 0x49, 0xBB, 0x69, 0x13, 0x43, 0x8B, 0x60, 
0x06, 0xE0, 0x2A, 0x4B, 0x9A, 0x68, 0xBB, 0x69, 0xDB, 0x43, 0x28, 0x49, 
0x13, 0x40, 0x8B, 0x60, 0x3B, 0x68, 0x5B, 0x68, 0x03, 0xF4, 0x00, 0x13, 
0x00, 0x2B, 0x06, 0xD0, 0x23, 0x4B, 0xDA, 0x68, 0x22, 0x49, 0xBB, 0x69, 
0x13, 0x43, 0xCB, 0x60, 0x06, 0xE0, 0x20, 0x4B, 0xDA, 0x68, 0xBB, 0x69, 
0xDB, 0x43, 0x1E, 0x49, 0x13, 0x40, 0xCB, 0x60, 0x3B, 0x68, 0x5B, 0x68, 
0x03, 0xF4, 0x00, 0x33, 0x00, 0x2B, 0x06, 0xD0, 0x19, 0x4B, 0x5A, 0x68, 
0x18, 0x49, 0xBB, 0x69, 0x13, 0x43, 0x4B, 0x60, 0x06, 0xE0, 0x16, 0x4B, 
0x5A, 0x68, 0xBB, 0x69, 0xDB, 0x43, 0x14, 0x49, 0x13, 0x40, 0x4B, 0x60, 
0x3B, 0x68, 0x5B, 0x68, 0x03, 0xF4, 0x80, 0x33, 0x00, 0x2B, 0x21, 0xD0, 
0x0F, 0x4B, 0x1A, 0x68, 0x0E, 0x49, 0xBB, 0x69, 0x13, 0x43, 0x0B, 0x60, 
0x21, 0xE0, 0x00, 0xBF, 0x00, 0x00, 0x32, 0x10, 0x00, 0x00, 0x31, 0x10, 
0x00, 0x00, 0x22, 0x10, 0x00, 0x00, 0x21, 0x10, 0x00, 0x00, 0x12, 0x10, 
0x00, 0x00, 0x11, 0x10, 0x00, 0x10, 0x02, 0x40, 0x00, 0x00, 0x01, 0x40, 
0x00, 0x08, 0x01, 0x40, 0x00, 0x0C, 0x01, 0x40, 0x00, 0x10, 0x01, 0x40, 
0x00, 0x14, 0x01, 0x40, 0x00, 0x04, 0x01, 0x40, 0x0B, 0x4B, 0x1A, 0x68, 
0xBB, 0x69, 0xDB, 0x43, 0x09, 0x49, 0x13, 0x40, 0x0B, 0x60, 0x7B, 0x6A, 
0x01, 0x33, 0x7B, 0x62, 0x3B, 0x68, 0x1A, 0x68, 0x7B, 0x6A, 0x22, 0xFA, 
0x03, 0xF3, 0x00, 0x2B, 0x7F, 0xF4, 0x8E, 0xAE, 0x00, 0xBF, 0x00, 0xBF, 
0x2C, 0x37, 0xBD, 0x46, 0x80, 0xBC, 0x70, 0x47, 0x00, 0x04, 0x01, 0x40, 
0x80, 0xB4, 0x83, 0xB0, 0x00, 0xAF, 0x78, 0x60, 0x0B, 0x46, 0x7B, 0x80, 
0x13, 0x46, 0x7B, 0x70, 0x7B, 0x78, 0x00, 0x2B, 0x03, 0xD0, 0x7A, 0x88, 
0x7B, 0x68, 0x1A, 0x61, 0x03, 0xE0, 0x7B, 0x88, 0x1A, 0x04, 0x7B, 0x68, 
0x1A, 0x61, 0x00, 0xBF, 0x0C, 0x37, 0xBD, 0x46, 0x80, 0xBC, 0x70, 0x47, 
0x80, 0xB4, 0x85, 0xB0, 0x00, 0xAF, 0x78, 0x60, 0x0B, 0x46, 0x7B, 0x80, 
0x7B, 0x68, 0xDB, 0x68, 0xFB, 0x60, 0x7A, 0x88, 0xFB, 0x68, 0x13, 0x40, 
0x1A, 0x04, 0xFB, 0x68, 0xD9, 0x43, 0x7B, 0x88, 0x0B, 0x40, 0x1A, 0x43, 
0x7B, 0x68, 0x1A, 0x61, 0x00, 0xBF, 0x14, 0x37, 0xBD, 0x46, 0x80, 0xBC, 
0x70, 0x47, 0x00, 0x00, 0x80, 0xB5, 0x82, 0xB0, 0x00, 0xAF, 0x03, 0x46, 
0xFB, 0x80, 0x08, 0x4B, 0x5A, 0x69, 0xFB, 0x88, 0x13, 0x40, 0x00, 0x2B, 
0x06, 0xD0, 0x05, 0x4A, 0xFB, 0x88, 0x53, 0x61, 0xFB, 0x88, 0x18, 0x46, 
0xFE, 0xF7, 0xAA, 0xFC, 0x00, 0xBF, 0x08, 0x37, 0xBD, 0x46, 0x80, 0xBD, 
0x00, 0x04, 0x01, 0x40, 0x80, 0xB5, 0x86, 0xB0, 0x00, 0xAF, 0x78, 0x60, 
0x7B, 0x68, 0x00, 0x2B, 0x01, 0xD1, 0x01, 0x23, 0x72, 0xE2, 0x7B, 0x68, 
0x1B, 0x68, 0x03, 0xF0, 0x01, 0x03, 0x00, 0x2B, 0x00, 0xF0, 0x87, 0x80, 
0x92, 0x4B, 0x5B, 0x68, 0x03, 0xF0, 0x0C, 0x03, 0x04, 0x2B, 0x0C, 0xD0, 
0x8F, 0x4B, 0x5B, 0x68, 0x03, 0xF0, 0x0C, 0x03, 0x08, 0x2B, 0x12, 0xD1, 
0x8C, 0x4B, 0x5B, 0x68, 0x03, 0xF4, 0x80, 0x33, 0xB3, 0xF5, 0x80, 0x3F, 
0x0B, 0xD1, 0x89, 0x4B, 0x1B, 0x68, 0x03, 0xF4, 0x00, 0x33, 0x00, 0x2B, 
0x6C, 0xD0, 0x7B, 0x68, 0x5B, 0x68, 0x00, 0x2B, 0x68, 0xD1, 0x01, 0x23, 
0x4C, 0xE2, 0x7B, 0x68, 0x5B, 0x68, 0xB3, 0xF5, 0x80, 0x3F, 0x06, 0xD1, 
0x80, 0x4B, 0x1B, 0x68, 0x7F, 0x4A, 0x43, 0xF4, 0x80, 0x33, 0x13, 0x60, 
0x2E, 0xE0, 0x7B, 0x68, 0x5B, 0x68, 0x00, 0x2B, 0x0C, 0xD1, 0x7B, 0x4B, 
0x1B, 0x68, 0x7A, 0x4A, 0x23, 0xF4, 0x80, 0x33, 0x13, 0x60, 0x78, 0x4B, 
0x1B, 0x68, 0x77, 0x4A, 0x23, 0xF4, 0x80, 0x23, 0x13, 0x60, 0x1D, 0xE0, 
0x7B, 0x68, 0x5B, 0x68, 0xB3, 0xF5, 0xA0, 0x2F, 0x0C, 0xD1, 0x72, 0x4B, 
0x1B, 0x68, 0x71, 0x4A, 0x43, 0xF4, 0x80, 0x23, 0x13, 0x60, 0x6F, 0x4B, 
0x1B, 0x68, 0x6E, 0x4A, 0x43, 0xF4, 0x80, 0x33, 0x13, 0x60, 0x0B, 0xE0, 
0x6B, 0x4B, 0x1B, 0x68, 0x6A, 0x4A, 0x23, 0xF4, 0x80, 0x33, 0x13, 0x60, 
0x68, 0x4B, 0x1B, 0x68, 0x67, 0x4A, 0x23, 0xF4, 0x80, 0x23, 0x13, 0x60, 
0x7B, 0x68, 0x5B, 0x68, 0x00, 0x2B, 0x13, 0xD0, 0xFF, 0xF7, 0x98, 0xF8, 
0x38, 0x61, 0x08, 0xE0, 0xFF, 0xF7, 0x94, 0xF8, 0x02, 0x46, 0x3B, 0x69, 
0xD3, 0x1A, 0x64, 0x2B, 0x01, 0xD9, 0x03, 0x23, 0x00, 0xE2, 0x5D, 0x4B, 
0x1B, 0x68, 0x03, 0xF4, 0x00, 0x33, 0x00, 0x2B, 0xF0, 0xD0, 0x14, 0xE0, 
0xFF, 0xF7, 0x84, 0xF8, 0x38, 0x61, 0x08, 0xE0, 0xFF, 0xF7, 0x80, 0xF8, 
0x02, 0x46, 0x3B, 0x69, 0xD3, 0x1A, 0x64, 0x2B, 0x01, 0xD9, 0x03, 0x23, 
0xEC, 0xE1, 0x53, 0x4B, 0x1B, 0x68, 0x03, 0xF4, 0x00, 0x33, 0x00, 0x2B, 
0xF0, 0xD1, 0x00, 0xE0, 0x00, 0xBF, 0x7B, 0x68, 0x1B, 0x68, 0x03, 0xF0, 
0x02, 0x03, 0x00, 0x2B, 0x63, 0xD0, 0x4C, 0x4B, 0x5B, 0x68, 0x03, 0xF0, 
0x0C, 0x03, 0x00, 0x2B, 0x0B, 0xD0, 0x49, 0x4B, 0x5B, 0x68, 0x03, 0xF0, 
0x0C, 0x03, 0x08, 0x2B, 0x1C, 0xD1, 0x46, 0x4B, 0x5B, 0x68, 0x03, 0xF4, 
0x80, 0x33, 0x00, 0x2B, 0x16, 0xD1, 0x43, 0x4B, 0x1B, 0x68, 0x03, 0xF0, 
0x02, 0x03, 0x00, 0x2B, 0x05, 0xD0, 0x7B, 0x68, 0x1B, 0x69, 0x01, 0x2B, 
0x01, 0xD0, 0x01, 0x23, 0xC0, 0xE1, 0x3D, 0x4B, 0x1B, 0x68, 0x23, 0xF0, 
0xF8, 0x02, 0x7B, 0x68, 0x5B, 0x69, 0xDB, 0x00, 0x39, 0x49, 0x13, 0x43, 
0x0B, 0x60, 0x3A, 0xE0, 0x7B, 0x68, 0x1B, 0x69, 0x00, 0x2B, 0x20, 0xD0, 
0x36, 0x4B, 0x01, 0x22, 0x1A, 0x60, 0xFF, 0xF7, 0x39, 0xF8, 0x38, 0x61, 
0x08, 0xE0, 0xFF, 0xF7, 0x35, 0xF8, 0x02, 0x46, 0x3B, 0x69, 0xD3, 0x1A, 
0x02, 0x2B, 0x01, 0xD9, 0x03, 0x23, 0xA1, 0xE1, 0x2D, 0x4B, 0x1B, 0x68, 
0x03, 0xF0, 0x02, 0x03, 0x00, 0x2B, 0xF0, 0xD0, 0x2A, 0x4B, 0x1B, 0x68, 
0x23, 0xF0, 0xF8, 0x02, 0x7B, 0x68, 0x5B, 0x69, 0xDB, 0x00, 0x27, 0x49, 
0x13, 0x43, 0x0B, 0x60, 0x15, 0xE0, 0x26, 0x4B, 0x00, 0x22, 0x1A, 0x60, 
0xFF, 0xF7, 0x18, 0xF8, 0x38, 0x61, 0x08, 0xE0, 0xFF, 0xF7, 0x14, 0xF8, 
0x02, 0x46, 0x3B, 0x69, 0xD3, 0x1A, 0x02, 0x2B, 0x01, 0xD9, 0x03, 0x23, 
0x80, 0xE1, 0x1D, 0x4B, 0x1B, 0x68, 0x03, 0xF0, 0x02, 0x03, 0x00, 0x2B, 
0xF0, 0xD1, 0x7B, 0x68, 0x1B, 0x68, 0x03, 0xF0, 0x08, 0x03, 0x00, 0x2B, 
0x3A, 0xD0, 0x7B, 0x68, 0x9B, 0x69, 0x00, 0x2B, 0x19, 0xD0, 0x17, 0x4B, 
0x01, 0x22, 0x1A, 0x60, 0xFE, 0xF7, 0xF8, 0xFF, 0x38, 0x61, 0x08, 0xE0, 
0xFE, 0xF7, 0xF4, 0xFF, 0x02, 0x46, 0x3B, 0x69, 0xD3, 0x1A, 0x02, 0x2B, 
0x01, 0xD9, 0x03, 0x23, 0x60, 0xE1, 0x0D, 0x4B, 0x5B, 0x6A, 0x03, 0xF0, 
0x02, 0x03, 0x00, 0x2B, 0xF0, 0xD0, 0x01, 0x20, 0x00, 0xF0, 0xCE, 0xFA, 
0x1C, 0xE0, 0x0A, 0x4B, 0x00, 0x22, 0x1A, 0x60, 0xFE, 0xF7, 0xDE, 0xFF, 
0x38, 0x61, 0x0F, 0xE0, 0xFE, 0xF7, 0xDA, 0xFF, 0x02, 0x46, 0x3B, 0x69, 
0xD3, 0x1A, 0x02, 0x2B, 0x08, 0xD9, 0x03, 0x23, 0x46, 0xE1, 0x00, 0xBF, 
0x00, 0x10, 0x02, 0x40, 0x00, 0x00, 0x42, 0x42, 0x80, 0x04, 0x42, 0x42, 
0x92, 0x4B, 0x5B, 0x6A, 0x03, 0xF0, 0x02, 0x03, 0x00, 0x2B, 0xE9, 0xD1, 
0x7B, 0x68, 0x1B, 0x68, 0x03, 0xF0, 0x04, 0x03, 0x00, 0x2B, 0x00, 0xF0, 
0xA6, 0x80, 0x00, 0x23, 0xFB, 0x75, 0x8B, 0x4B, 0xDB, 0x69, 0x03, 0xF0, 
0x80, 0x53, 0x00, 0x2B, 0x0D, 0xD1, 0x88, 0x4B, 0xDB, 0x69, 0x87, 0x4A, 
0x43, 0xF0, 0x80, 0x53, 0xD3, 0x61, 0x85, 0x4B, 0xDB, 0x69, 0x03, 0xF0, 
0x80, 0x53, 0xBB, 0x60, 0xBB, 0x68, 0x01, 0x23, 0xFB, 0x75, 0x82, 0x4B, 
0x1B, 0x68, 0x03, 0xF4, 0x80, 0x73, 0x00, 0x2B, 0x18, 0xD1, 0x7F, 0x4B, 
0x1B, 0x68, 0x7E, 0x4A, 0x43, 0xF4, 0x80, 0x73, 0x13, 0x60, 0xFE, 0xF7, 
0x9B, 0xFF, 0x38, 0x61, 0x08, 0xE0, 0xFE, 0xF7, 0x97, 0xFF, 0x02, 0x46, 
0x3B, 0x69, 0xD3, 0x1A, 0x64, 0x2B, 0x01, 0xD9, 0x03, 0x23, 0x03, 0xE1, 
0x75, 0x4B, 0x1B, 0x68, 0x03, 0xF4, 0x80, 0x73, 0x00, 0x2B, 0xF0, 0xD0, 
0x7B, 0x68, 0xDB, 0x68, 0x01, 0x2B, 0x06, 0xD1, 0x6F, 0x4B, 0x1B, 0x6A, 
0x6E, 0x4A, 0x43, 0xF0, 0x01, 0x03, 0x13, 0x62, 0x2D, 0xE0, 0x7B, 0x68, 
0xDB, 0x68, 0x00, 0x2B, 0x0C, 0xD1, 0x6A, 0x4B, 0x1B, 0x6A, 0x69, 0x4A, 
0x23, 0xF0, 0x01, 0x03, 0x13, 0x62, 0x67, 0x4B, 0x1B, 0x6A, 0x66, 0x4A, 
0x23, 0xF0, 0x04, 0x03, 0x13, 0x62, 0x1C, 0xE0, 0x7B, 0x68, 0xDB, 0x68, 
0x05, 0x2B, 0x0C, 0xD1, 0x61, 0x4B, 0x1B, 0x6A, 0x60, 0x4A, 0x43, 0xF0, 
0x04, 0x03, 0x13, 0x62, 0x5E, 0x4B, 0x1B, 0x6A, 0x5D, 0x4A, 0x43, 0xF0, 
0x01, 0x03, 0x13, 0x62, 0x0B, 0xE0, 0x5B, 0x4B, 0x1B, 0x6A, 0x5A, 0x4A, 
0x23, 0xF0, 0x01, 0x03, 0x13, 0x62, 0x58, 0x4B, 0x1B, 0x6A, 0x57, 0x4A, 
0x23, 0xF0, 0x04, 0x03, 0x13, 0x62, 0x7B, 0x68, 0xDB, 0x68, 0x00, 0x2B, 
0x15, 0xD0, 0xFE, 0xF7, 0x4B, 0xFF, 0x38, 0x61, 0x0A, 0xE0, 0xFE, 0xF7, 
0x47, 0xFF, 0x02, 0x46, 0x3B, 0x69, 0xD3, 0x1A, 0x41, 0xF2, 0x88, 0x32, 
0x93, 0x42, 0x01, 0xD9, 0x03, 0x23, 0xB1, 0xE0, 0x4B, 0x4B, 0x1B, 0x6A, 
0x03, 0xF0, 0x02, 0x03, 0x00, 0x2B, 0xEE, 0xD0, 0x14, 0xE0, 0xFE, 0xF7, 
0x35, 0xFF, 0x38, 0x61, 0x0A, 0xE0, 0xFE, 0xF7, 0x31, 0xFF, 0x02, 0x46, 
0x3B, 0x69, 0xD3, 0x1A, 0x41, 0xF2, 0x88, 0x32, 0x93, 0x42, 0x01, 0xD9, 
0x03, 0x23, 0x9B, 0xE0, 0x40, 0x4B, 0x1B, 0x6A, 0x03, 0xF0, 0x02, 0x03, 
0x00, 0x2B, 0xEE, 0xD1, 0xFB, 0x7D, 0x01, 0x2B, 0x05, 0xD1, 0x3C, 0x4B, 
0xDB, 0x69, 0x3B, 0x4A, 0x23, 0xF0, 0x80, 0x53, 0xD3, 0x61, 0x7B, 0x68, 
0xDB, 0x69, 0x00, 0x2B, 0x00, 0xF0, 0x87, 0x80, 0x36, 0x4B, 0x5B, 0x68, 
0x03, 0xF0, 0x0C, 0x03, 0x08, 0x2B, 0x61, 0xD0, 0x7B, 0x68, 0xDB, 0x69, 
0x02, 0x2B, 0x46, 0xD1, 0x33, 0x4B, 0x00, 0x22, 0x1A, 0x60, 0xFE, 0xF7, 
0x05, 0xFF, 0x38, 0x61, 0x08, 0xE0, 0xFE, 0xF7, 0x01, 0xFF, 0x02, 0x46, 
0x3B, 0x69, 0xD3, 0x1A, 0x02, 0x2B, 0x01, 0xD9, 0x03, 0x23, 0x6D, 0xE0, 
0x29, 0x4B, 0x1B, 0x68, 0x03, 0xF0, 0x00, 0x73, 0x00, 0x2B, 0xF0, 0xD1, 
0x7B, 0x68, 0x1B, 0x6A, 0xB3, 0xF5, 0x80, 0x3F, 0x08, 0xD1, 0x24, 0x4B, 
0x5B, 0x68, 0x23, 0xF4, 0x00, 0x32, 0x7B, 0x68, 0x9B, 0x68, 0x21, 0x49, 
0x13, 0x43, 0x4B, 0x60, 0x1F, 0x4B, 0x5B, 0x68, 0x23, 0xF4, 0x74, 0x12, 
0x7B, 0x68, 0x19, 0x6A, 0x7B, 0x68, 0x5B, 0x6A, 0x0B, 0x43, 0x1B, 0x49, 
0x13, 0x43, 0x4B, 0x60, 0x1B, 0x4B, 0x01, 0x22, 0x1A, 0x60, 0xFE, 0xF7, 
0xD5, 0xFE, 0x38, 0x61, 0x08, 0xE0, 0xFE, 0xF7, 0xD1, 0xFE, 0x02, 0x46, 
0x3B, 0x69, 0xD3, 0x1A, 0x02, 0x2B, 0x01, 0xD9, 0x03, 0x23, 0x3D, 0xE0, 
0x11, 0x4B, 0x1B, 0x68, 0x03, 0xF0, 0x00, 0x73, 0x00, 0x2B, 0xF0, 0xD0, 
0x35, 0xE0, 0x10, 0x4B, 0x00, 0x22, 0x1A, 0x60, 0xFE, 0xF7, 0xBE, 0xFE, 
0x38, 0x61, 0x08, 0xE0, 0xFE, 0xF7, 0xBA, 0xFE, 0x02, 0x46, 0x3B, 0x69, 
0xD3, 0x1A, 0x02, 0x2B, 0x01, 0xD9, 0x03, 0x23, 0x26, 0xE0, 0x06, 0x4B, 
0x1B, 0x68, 0x03, 0xF0, 0x00, 0x73, 0x00, 0x2B, 0xF0, 0xD1, 0x1E, 0xE0, 
0x7B, 0x68, 0xDB, 0x69, 0x01, 0x2B, 0x07, 0xD1, 0x01, 0x23, 0x19, 0xE0, 
0x00, 0x10, 0x02, 0x40, 0x00, 0x70, 0x00, 0x40, 0x60, 0x00, 0x42, 0x42, 
0x0B, 0x4B, 0x5B, 0x68, 0xFB, 0x60, 0xFB, 0x68, 0x03, 0xF4, 0x80, 0x32, 
0x7B, 0x68, 0x1B, 0x6A, 0x9A, 0x42, 0x06, 0xD1, 0xFB, 0x68, 0x03, 0xF4, 
0x70, 0x12, 0x7B, 0x68, 0x5B, 0x6A, 0x9A, 0x42, 0x01, 0xD0, 0x01, 0x23, 
0x00, 0xE0, 0x00, 0x23, 0x18, 0x46, 0x18, 0x37, 0xBD, 0x46, 0x80, 0xBD, 
0x00, 0x10, 0x02, 0x40, 0x80, 0xB5, 0x84, 0xB0, 0x00, 0xAF, 0x78, 0x60, 
0x39, 0x60, 0x7B, 0x68, 0x00, 0x2B, 0x01, 0xD1, 0x01, 0x23, 0xD0, 0xE0, 
0x6A, 0x4B, 0x1B, 0x68, 0x03, 0xF0, 0x07, 0x03, 0x3A, 0x68, 0x9A, 0x42, 
0x10, 0xD9, 0x67, 0x4B, 0x1B, 0x68, 0x23, 0xF0, 0x07, 0x02, 0x65, 0x49, 
0x3B, 0x68, 0x13, 0x43, 0x0B, 0x60, 0x63, 0x4B, 0x1B, 0x68, 0x03, 0xF0, 
0x07, 0x03, 0x3A, 0x68, 0x9A, 0x42, 0x01, 0xD0, 0x01, 0x23, 0xB8, 0xE0, 
0x7B, 0x68, 0x1B, 0x68, 0x03, 0xF0, 0x02, 0x03, 0x00, 0x2B, 0x20, 0xD0, 
0x7B, 0x68, 0x1B, 0x68, 0x03, 0xF0, 0x04, 0x03, 0x00, 0x2B, 0x05, 0xD0, 
0x59, 0x4B, 0x5B, 0x68, 0x58, 0x4A, 0x43, 0xF4, 0xE0, 0x63, 0x53, 0x60, 
0x7B, 0x68, 0x1B, 0x68, 0x03, 0xF0, 0x08, 0x03, 0x00, 0x2B, 0x05, 0xD0, 
0x53, 0x4B, 0x5B, 0x68, 0x52, 0x4A, 0x43, 0xF4, 0x60, 0x53, 0x53, 0x60, 
0x50, 0x4B, 0x5B, 0x68, 0x23, 0xF0, 0xF0, 0x02, 0x7B, 0x68, 0x9B, 0x68, 
0x4D, 0x49, 0x13, 0x43, 0x4B, 0x60, 0x7B, 0x68, 0x1B, 0x68, 0x03, 0xF0, 
0x01, 0x03, 0x00, 0x2B, 0x40, 0xD0, 0x7B, 0x68, 0x5B, 0x68, 0x01, 0x2B, 
0x07, 0xD1, 0x47, 0x4B, 0x1B, 0x68, 0x03, 0xF4, 0x00, 0x33, 0x00, 0x2B, 
0x15, 0xD1, 0x01, 0x23, 0x7F, 0xE0, 0x7B, 0x68, 0x5B, 0x68, 0x02, 0x2B, 
0x07, 0xD1, 0x41, 0x4B, 0x1B, 0x68, 0x03, 0xF0, 0x00, 0x73, 0x00, 0x2B, 
0x09, 0xD1, 0x01, 0x23, 0x73, 0xE0, 0x3D, 0x4B, 0x1B, 0x68, 0x03, 0xF0, 
0x02, 0x03, 0x00, 0x2B, 0x01, 0xD1, 0x01, 0x23, 0x6B, 0xE0, 0x39, 0x4B, 
0x5B, 0x68, 0x23, 0xF0, 0x03, 0x02, 0x7B, 0x68, 0x5B, 0x68, 0x36, 0x49, 
0x13, 0x43, 0x4B, 0x60, 0xFE, 0xF7, 0x0C, 0xFE, 0xF8, 0x60, 0x0A, 0xE0, 
0xFE, 0xF7, 0x08, 0xFE, 0x02, 0x46, 0xFB, 0x68, 0xD3, 0x1A, 0x41, 0xF2, 
0x88, 0x32, 0x93, 0x42, 0x01, 0xD9, 0x03, 0x23, 0x53, 0xE0, 0x2D, 0x4B, 
0x5B, 0x68, 0x03, 0xF0, 0x0C, 0x02, 0x7B, 0x68, 0x5B, 0x68, 0x9B, 0x00, 
0x9A, 0x42, 0xEB, 0xD1, 0x27, 0x4B, 0x1B, 0x68, 0x03, 0xF0, 0x07, 0x03, 
0x3A, 0x68, 0x9A, 0x42, 0x10, 0xD2, 0x24, 0x4B, 0x1B, 0x68, 0x23, 0xF0, 
0x07, 0x02, 0x22, 0x49, 0x3B, 0x68, 0x13, 0x43, 0x0B, 0x60, 0x20, 0x4B, 
0x1B, 0x68, 0x03, 0xF0, 0x07, 0x03, 0x3A, 0x68, 0x9A, 0x42, 0x01, 0xD0, 
0x01, 0x23, 0x32, 0xE0, 0x7B, 0x68, 0x1B, 0x68, 0x03, 0xF0, 0x04, 0x03, 
0x00, 0x2B, 0x08, 0xD0, 0x19, 0x4B, 0x5B, 0x68, 0x23, 0xF4, 0xE0, 0x62, 
0x7B, 0x68, 0xDB, 0x68, 0x16, 0x49, 0x13, 0x43, 0x4B, 0x60, 0x7B, 0x68, 
0x1B, 0x68, 0x03, 0xF0, 0x08, 0x03, 0x00, 0x2B, 0x09, 0xD0, 0x12, 0x4B, 
0x5B, 0x68, 0x23, 0xF4, 0x60, 0x52, 0x7B, 0x68, 0x1B, 0x69, 0xDB, 0x00, 
0x0E, 0x49, 0x13, 0x43, 0x4B, 0x60, 0x00, 0xF0, 0x21, 0xF8, 0x02, 0x46, 
0x0B, 0x4B, 0x5B, 0x68, 0x1B, 0x09, 0x03, 0xF0, 0x0F, 0x03, 0x0A, 0x49, 
0xCB, 0x5C, 0x22, 0xFA, 0x03, 0xF3, 0x09, 0x4A, 0x13, 0x60, 0x09, 0x4B, 
0x1B, 0x68, 0x18, 0x46, 0xFE, 0xF7, 0x6A, 0xFD, 0x00, 0x23, 0x18, 0x46, 
0x10, 0x37, 0xBD, 0x46, 0x80, 0xBD, 0x00, 0xBF, 0x00, 0x20, 0x02, 0x40, 
0x00, 0x10, 0x02, 0x40, 0xF4, 0xA2, 0x00, 0x08, 0x00, 0x00, 0x00, 0x20, 
0x04, 0x00, 0x00, 0x20, 0x80, 0xB4, 0x87, 0xB0, 0x00, 0xAF, 0x00, 0x23, 
0xFB, 0x60, 0x00, 0x23, 0xBB, 0x60, 0x00, 0x23, 0x7B, 0x61, 0x00, 0x23, 
0x7B, 0x60, 0x00, 0x23, 0x3B, 0x61, 0x1E, 0x4B, 0x5B, 0x68, 0xFB, 0x60, 
0xFB, 0x68, 0x03, 0xF0, 0x0C, 0x03, 0x04, 0x2B, 0x02, 0xD0, 0x08, 0x2B, 
0x03, 0xD0, 0x27, 0xE0, 0x19, 0x4B, 0x3B, 0x61, 0x27, 0xE0, 0xFB, 0x68, 
0x9B, 0x0C, 0x03, 0xF0, 0x0F, 0x03, 0x17, 0x4A, 0xD3, 0x5C, 0x7B, 0x60, 
0xFB, 0x68, 0x03, 0xF4, 0x80, 0x33, 0x00, 0x2B, 0x10, 0xD0, 0x11, 0x4B, 
0x5B, 0x68, 0x5B, 0x0C, 0x03, 0xF0, 0x01, 0x03, 0x11, 0x4A, 0xD3, 0x5C, 
0xBB, 0x60, 0x7B, 0x68, 0x0D, 0x4A, 0x03, 0xFB, 0x02, 0xF2, 0xBB, 0x68, 
0xB2, 0xFB, 0xF3, 0xF3, 0x7B, 0x61, 0x04, 0xE0, 0x7B, 0x68, 0x0C, 0x4A, 
0x02, 0xFB, 0x03, 0xF3, 0x7B, 0x61, 0x7B, 0x69, 0x3B, 0x61, 0x02, 0xE0, 
0x05, 0x4B, 0x3B, 0x61, 0x00, 0xBF, 0x3B, 0x69, 0x18, 0x46, 0x1C, 0x37, 
0xBD, 0x46, 0x80, 0xBC, 0x70, 0x47, 0x00, 0xBF, 0x00, 0x10, 0x02, 0x40, 
0x00, 0x12, 0x7A, 0x00, 0x0C, 0xA3, 0x00, 0x08, 0x1C, 0xA3, 0x00, 0x08, 
0x00, 0x09, 0x3D, 0x00, 0x80, 0xB4, 0x00, 0xAF, 0x02, 0x4B, 0x1B, 0x68, 
0x18, 0x46, 0xBD, 0x46, 0x80, 0xBC, 0x70, 0x47, 0x00, 0x00, 0x00, 0x20, 
0x80, 0xB5, 0x00, 0xAF, 0xFF, 0xF7, 0xF2, 0xFF, 0x02, 0x46, 0x05, 0x4B, 
0x5B, 0x68, 0x1B, 0x0A, 0x03, 0xF0, 0x07, 0x03, 0x03, 0x49, 0xCB, 0x5C, 
0x22, 0xFA, 0x03, 0xF3, 0x18, 0x46, 0x80, 0xBD, 0x00, 0x10, 0x02, 0x40, 
0x04, 0xA3, 0x00, 0x08, 0x80, 0xB5, 0x00, 0xAF, 0xFF, 0xF7, 0xDE, 0xFF, 
0x02, 0x46, 0x05, 0x4B, 0x5B, 0x68, 0xDB, 0x0A, 0x03, 0xF0, 0x07, 0x03, 
0x03, 0x49, 0xCB, 0x5C, 0x22, 0xFA, 0x03, 0xF3, 0x18, 0x46, 0x80, 0xBD, 
0x00, 0x10, 0x02, 0x40, 0x04, 0xA3, 0x00, 0x08, 0x80, 0xB4, 0x85, 0xB0, 
0x00, 0xAF, 0x78, 0x60, 0x0A, 0x4B, 0x1B, 0x68, 0x0A, 0x4A, 0xA2, 0xFB, 
0x03, 0x23, 0x5B, 0x0A, 0x7A, 0x68, 0x02, 0xFB, 0x03, 0xF3, 0xFB, 0x60, 
0x00, 0xBF, 0xFB, 0x68, 0x5A, 0x1E, 0xFA, 0x60, 0x00, 0x2B, 0xF9, 0xD1, 
0x00, 0xBF, 0x00, 0xBF, 0x14, 0x37, 0xBD, 0x46, 0x80, 0xBC, 0x70, 0x47, 
0x00, 0x00, 0x00, 0x20, 0xD3, 0x4D, 0x62, 0x10, 0x80, 0xB5, 0x82, 0xB0, 
0x00, 0xAF, 0x78, 0x60, 0x7B, 0x68, 0x00, 0x2B, 0x01, 0xD1, 0x01, 0x23, 
0x76, 0xE0, 0x7B, 0x68, 0x5B, 0x6A, 0x00, 0x2B, 0x08, 0xD1, 0x7B, 0x68, 
0x5B, 0x68, 0xB3, 0xF5, 0x82, 0x7F, 0x09, 0xD0, 0x7B, 0x68, 0x00, 0x22, 
0xDA, 0x61, 0x05, 0xE0, 0x7B, 0x68, 0x00, 0x22, 0x1A, 0x61, 0x7B, 0x68, 
0x00, 0x22, 0x5A, 0x61, 0x7B, 0x68, 0x00, 0x22, 0x9A, 0x62, 0x7B, 0x68, 
0x93, 0xF8, 0x51, 0x30, 0xDB, 0xB2, 0x00, 0x2B, 0x06, 0xD1, 0x7B, 0x68, 
0x00, 0x22, 0x83, 0xF8, 0x50, 0x20, 0x78, 0x68, 0xFE, 0xF7, 0x72, 0xFA, 
0x7B, 0x68, 0x02, 0x22, 0x83, 0xF8, 0x51, 0x20, 0x7B, 0x68, 0x1B, 0x68, 
0x1A, 0x68, 0x7B, 0x68, 0x1B, 0x68, 0x22, 0xF0, 0x40, 0x02, 0x1A, 0x60, 
0x7B, 0x68, 0x5B, 0x68, 0x03, 0xF4, 0x82, 0x72, 0x7B, 0x68, 0x9B, 0x68, 
0x03, 0xF4, 0x04, 0x43, 0x1A, 0x43, 0x7B, 0x68, 0xDB, 0x68, 0x03, 0xF4, 
0x00, 0x63, 0x1A, 0x43, 0x7B, 0x68, 0x1B, 0x69, 0x03, 0xF0, 0x02, 0x03, 
0x1A, 0x43, 0x7B, 0x68, 0x5B, 0x69, 0x03, 0xF0, 0x01, 0x03, 0x1A, 0x43, 
0x7B, 0x68, 0x9B, 0x69, 0x03, 0xF4, 0x00, 0x73, 0x1A, 0x43, 0x7B, 0x68, 
0xDB, 0x69, 0x03, 0xF0, 0x38, 0x03, 0x1A, 0x43, 0x7B, 0x68, 0x1B, 0x6A, 
0x03, 0xF0, 0x80, 0x03, 0x42, 0xEA, 0x03, 0x01, 0x7B, 0x68, 0x9B, 0x6A, 
0x03, 0xF4, 0x00, 0x52, 0x7B, 0x68, 0x1B, 0x68, 0x0A, 0x43, 0x1A, 0x60, 
0x7B, 0x68, 0x9B, 0x69, 0x1A, 0x0C, 0x7B, 0x68, 0x1B, 0x68, 0x02, 0xF0, 
0x04, 0x02, 0x5A, 0x60, 0x7B, 0x68, 0x1B, 0x68, 0xDA, 0x69, 0x7B, 0x68, 
0x1B, 0x68, 0x22, 0xF4, 0x00, 0x62, 0xDA, 0x61, 0x7B, 0x68, 0x00, 0x22, 
0x5A, 0x65, 0x7B, 0x68, 0x01, 0x22, 0x83, 0xF8, 0x51, 0x20, 0x00, 0x23, 
0x18, 0x46, 0x08, 0x37, 0xBD, 0x46, 0x80, 0xBD, 0x80, 0xB5, 0x88, 0xB0, 
0x00, 0xAF, 0xF8, 0x60, 0xB9, 0x60, 0x3B, 0x60, 0x13, 0x46, 0xFB, 0x80, 
0xFE, 0xF7, 0x6A, 0xFC, 0xF8, 0x61, 0xFB, 0x88, 0x7B, 0x83, 0xFB, 0x68, 
0x93, 0xF8, 0x51, 0x30, 0xDB, 0xB2, 0x01, 0x2B, 0x01, 0xD0, 0x02, 0x23, 
0x2A, 0xE1, 0xBB, 0x68, 0x00, 0x2B, 0x02, 0xD0, 0xFB, 0x88, 0x00, 0x2B, 
0x01, 0xD1, 0x01, 0x23, 0x22, 0xE1, 0xFB, 0x68, 0x93, 0xF8, 0x50, 0x30, 
0x01, 0x2B, 0x01, 0xD1, 0x02, 0x23, 0x1B, 0xE1, 0xFB, 0x68, 0x01, 0x22, 
0x83, 0xF8, 0x50, 0x20, 0xFB, 0x68, 0x03, 0x22, 0x83, 0xF8, 0x51, 0x20, 
0xFB, 0x68, 0x00, 0x22, 0x5A, 0x65, 0xFB, 0x68, 0xBA, 0x68, 0x1A, 0x63, 
0xFB, 0x68, 0xFA, 0x88, 0x9A, 0x86, 0xFB, 0x68, 0xFA, 0x88, 0xDA, 0x86, 
0xFB, 0x68, 0x00, 0x22, 0x9A, 0x63, 0xFB, 0x68, 0x00, 0x22, 0x9A, 0x87, 
0xFB, 0x68, 0x00, 0x22, 0xDA, 0x87, 0xFB, 0x68, 0x00, 0x22, 0x5A, 0x64, 
0xFB, 0x68, 0x00, 0x22, 0x1A, 0x64, 0xFB, 0x68, 0x9B, 0x68, 0xB3, 0xF5, 
0x00, 0x4F, 0x0F, 0xD1, 0xFB, 0x68, 0x1B, 0x68, 0x1A, 0x68, 0xFB, 0x68, 
0x1B, 0x68, 0x22, 0xF0, 0x40, 0x02, 0x1A, 0x60, 0xFB, 0x68, 0x1B, 0x68, 
0x1A, 0x68, 0xFB, 0x68, 0x1B, 0x68, 0x42, 0xF4, 0x80, 0x42, 0x1A, 0x60, 
0xFB, 0x68, 0x1B, 0x68, 0x1B, 0x68, 0x03, 0xF0, 0x40, 0x03, 0x40, 0x2B, 
0x07, 0xD0, 0xFB, 0x68, 0x1B, 0x68, 0x1A, 0x68, 0xFB, 0x68, 0x1B, 0x68, 
0x42, 0xF0, 0x40, 0x02, 0x1A, 0x60, 0xFB, 0x68, 0xDB, 0x68, 0xB3, 0xF5, 
0x00, 0x6F, 0x52, 0xD1, 0xFB, 0x68, 0x5B, 0x68, 0x00, 0x2B, 0x02, 0xD0, 
0x7B, 0x8B, 0x01, 0x2B, 0x45, 0xD1, 0xFB, 0x68, 0x1B, 0x6B, 0x1A, 0x88, 
0xFB, 0x68, 0x1B, 0x68, 0xDA, 0x60, 0xFB, 0x68, 0x1B, 0x6B, 0x9A, 0x1C, 
0xFB, 0x68, 0x1A, 0x63, 0xFB, 0x68, 0xDB, 0x8E, 0x9B, 0xB2, 0x01, 0x3B, 
0x9A, 0xB2, 0xFB, 0x68, 0xDA, 0x86, 0x32, 0xE0, 0xFB, 0x68, 0x1B, 0x68, 
0x9B, 0x68, 0x03, 0xF0, 0x02, 0x03, 0x02, 0x2B, 0x12, 0xD1, 0xFB, 0x68, 
0x1B, 0x6B, 0x1A, 0x88, 0xFB, 0x68, 0x1B, 0x68, 0xDA, 0x60, 0xFB, 0x68, 
0x1B, 0x6B, 0x9A, 0x1C, 0xFB, 0x68, 0x1A, 0x63, 0xFB, 0x68, 0xDB, 0x8E, 
0x9B, 0xB2, 0x01, 0x3B, 0x9A, 0xB2, 0xFB, 0x68, 0xDA, 0x86, 0x18, 0xE0, 
0xFE, 0xF7, 0xCE, 0xFB, 0x02, 0x46, 0xFB, 0x69, 0xD3, 0x1A, 0x3A, 0x68, 
0x9A, 0x42, 0x03, 0xD8, 0x3B, 0x68, 0xB3, 0xF1, 0xFF, 0x3F, 0x02, 0xD1, 
0x3B, 0x68, 0x00, 0x2B, 0x09, 0xD1, 0xFB, 0x68, 0x01, 0x22, 0x83, 0xF8, 
0x51, 0x20, 0xFB, 0x68, 0x00, 0x22, 0x83, 0xF8, 0x50, 0x20, 0x03, 0x23, 
0x82, 0xE0, 0xFB, 0x68, 0xDB, 0x8E, 0x9B, 0xB2, 0x00, 0x2B, 0xC7, 0xD1, 
0x53, 0xE0, 0xFB, 0x68, 0x5B, 0x68, 0x00, 0x2B, 0x02, 0xD0, 0x7B, 0x8B, 
0x01, 0x2B, 0x47, 0xD1, 0xFB, 0x68, 0x1A, 0x6B, 0xFB, 0x68, 0x1B, 0x68, 
0x0C, 0x33, 0x12, 0x78, 0x1A, 0x70, 0xFB, 0x68, 0x1B, 0x6B, 0x5A, 0x1C, 
0xFB, 0x68, 0x1A, 0x63, 0xFB, 0x68, 0xDB, 0x8E, 0x9B, 0xB2, 0x01, 0x3B, 
0x9A, 0xB2, 0xFB, 0x68, 0xDA, 0x86, 0x33, 0xE0, 0xFB, 0x68, 0x1B, 0x68, 
0x9B, 0x68, 0x03, 0xF0, 0x02, 0x03, 0x02, 0x2B, 0x13, 0xD1, 0xFB, 0x68, 
0x1A, 0x6B, 0xFB, 0x68, 0x1B, 0x68, 0x0C, 0x33, 0x12, 0x78, 0x1A, 0x70, 
0xFB, 0x68, 0x1B, 0x6B, 0x5A, 0x1C, 0xFB, 0x68, 0x1A, 0x63, 0xFB, 0x68, 
0xDB, 0x8E, 0x9B, 0xB2, 0x01, 0x3B, 0x9A, 0xB2, 0xFB, 0x68, 0xDA, 0x86, 
0x18, 0xE0, 0xFE, 0xF7, 0x79, 0xFB, 0x02, 0x46, 0xFB, 0x69, 0xD3, 0x1A, 
0x3A, 0x68, 0x9A, 0x42, 0x03, 0xD8, 0x3B, 0x68, 0xB3, 0xF1, 0xFF, 0x3F, 
0x02, 0xD1, 0x3B, 0x68, 0x00, 0x2B, 0x09, 0xD1, 0xFB, 0x68, 0x01, 0x22, 
0x83, 0xF8, 0x51, 0x20, 0xFB, 0x68, 0x00, 0x22, 0x83, 0xF8, 0x50, 0x20, 
0x03, 0x23, 0x2D, 0xE0, 0xFB, 0x68, 0xDB, 0x8E, 0x9B, 0xB2, 0x00, 0x2B, 
0xC6, 0xD1, 0xFA, 0x69, 0x39, 0x68, 0xF8, 0x68, 0x00, 0xF0, 0x66, 0xFA, 
0x03, 0x46, 0x00, 0x2B, 0x02, 0xD0, 0xFB, 0x68, 0x20, 0x22, 0x5A, 0x65, 
0xFB, 0x68, 0x9B, 0x68, 0x00, 0x2B, 0x0A, 0xD1, 0x00, 0x23, 0x7B, 0x61, 
0xFB, 0x68, 0x1B, 0x68, 0xDB, 0x68, 0x7B, 0x61, 0xFB, 0x68, 0x1B, 0x68, 
0x9B, 0x68, 0x7B, 0x61, 0x7B, 0x69, 0xFB, 0x68, 0x01, 0x22, 0x83, 0xF8, 
0x51, 0x20, 0xFB, 0x68, 0x00, 0x22, 0x83, 0xF8, 0x50, 0x20, 0xFB, 0x68, 
0x5B, 0x6D, 0x00, 0x2B, 0x01, 0xD0, 0x01, 0x23, 0x00, 0xE0, 0x00, 0x23, 
0x18, 0x46, 0x20, 0x37, 0xBD, 0x46, 0x80, 0xBD, 0x80, 0xB5, 0x8A, 0xB0, 
0x00, 0xAF, 0xF8, 0x60, 0xB9, 0x60, 0x7A, 0x60, 0x7B, 0x80, 0x01, 0x23, 
0x7B, 0x62, 0xFE, 0xF7, 0x25, 0xFB, 0x38, 0x62, 0xFB, 0x68, 0x93, 0xF8, 
0x51, 0x30, 0xFB, 0x77, 0xFB, 0x68, 0x5B, 0x68, 0xBB, 0x61, 0x7B, 0x88, 
0xFB, 0x82, 0xFB, 0x7F, 0x01, 0x2B, 0x0C, 0xD0, 0xBB, 0x69, 0xB3, 0xF5, 
0x82, 0x7F, 0x06, 0xD1, 0xFB, 0x68, 0x9B, 0x68, 0x00, 0x2B, 0x02, 0xD1, 
0xFB, 0x7F, 0x04, 0x2B, 0x01, 0xD0, 0x02, 0x23, 0x7F, 0xE1, 0xBB, 0x68, 
0x00, 0x2B, 0x05, 0xD0, 0x7B, 0x68, 0x00, 0x2B, 0x02, 0xD0, 0x7B, 0x88, 
0x00, 0x2B, 0x01, 0xD1, 0x01, 0x23, 0x74, 0xE1, 0xFB, 0x68, 0x93, 0xF8, 
0x50, 0x30, 0x01, 0x2B, 0x01, 0xD1, 0x02, 0x23, 0x6D, 0xE1, 0xFB, 0x68, 
0x01, 0x22, 0x83, 0xF8, 0x50, 0x20, 0xFB, 0x68, 0x93, 0xF8, 0x51, 0x30, 
0xDB, 0xB2, 0x04, 0x2B, 0x03, 0xD0, 0xFB, 0x68, 0x05, 0x22, 0x83, 0xF8, 
0x51, 0x20, 0xFB, 0x68, 0x00, 0x22, 0x5A, 0x65, 0xFB, 0x68, 0x7A, 0x68, 
0x9A, 0x63, 0xFB, 0x68, 0x7A, 0x88, 0xDA, 0x87, 0xFB, 0x68, 0x7A, 0x88, 
0x9A, 0x87, 0xFB, 0x68, 0xBA, 0x68, 0x1A, 0x63, 0xFB, 0x68, 0x7A, 0x88, 
0xDA, 0x86, 0xFB, 0x68, 0x7A, 0x88, 0x9A, 0x86, 0xFB, 0x68, 0x00, 0x22, 
0x1A, 0x64, 0xFB, 0x68, 0x00, 0x22, 0x5A, 0x64, 0xFB, 0x68, 0x1B, 0x68, 
0x1B, 0x68, 0x03, 0xF0, 0x40, 0x03, 0x40, 0x2B, 0x07, 0xD0, 0xFB, 0x68, 
0x1B, 0x68, 0x1A, 0x68, 0xFB, 0x68, 0x1B, 0x68, 0x42, 0xF0, 0x40, 0x02, 
0x1A, 0x60, 0xFB, 0x68, 0xDB, 0x68, 0xB3, 0xF5, 0x00, 0x6F, 0x7E, 0xD1, 
0xFB, 0x68, 0x5B, 0x68, 0x00, 0x2B, 0x02, 0xD0, 0xFB, 0x8A, 0x01, 0x2B, 
0x6C, 0xD1, 0xFB, 0x68, 0x1B, 0x6B, 0x1A, 0x88, 0xFB, 0x68, 0x1B, 0x68, 
0xDA, 0x60, 0xFB, 0x68, 0x1B, 0x6B, 0x9A, 0x1C, 0xFB, 0x68, 0x1A, 0x63, 
0xFB, 0x68, 0xDB, 0x8E, 0x9B, 0xB2, 0x01, 0x3B, 0x9A, 0xB2, 0xFB, 0x68, 
0xDA, 0x86, 0x59, 0xE0, 0xFB, 0x68, 0x1B, 0x68, 0x9B, 0x68, 0x03, 0xF0, 
0x02, 0x03, 0x02, 0x2B, 0x1B, 0xD1, 0xFB, 0x68, 0xDB, 0x8E, 0x9B, 0xB2, 
0x00, 0x2B, 0x16, 0xD0, 0x7B, 0x6A, 0x01, 0x2B, 0x13, 0xD1, 0xFB, 0x68, 
0x1B, 0x6B, 0x1A, 0x88, 0xFB, 0x68, 0x1B, 0x68, 0xDA, 0x60, 0xFB, 0x68, 
0x1B, 0x6B, 0x9A, 0x1C, 0xFB, 0x68, 0x1A, 0x63, 0xFB, 0x68, 0xDB, 0x8E, 
0x9B, 0xB2, 0x01, 0x3B, 0x9A, 0xB2, 0xFB, 0x68, 0xDA, 0x86, 0x00, 0x23, 
0x7B, 0x62, 0xFB, 0x68, 0x1B, 0x68, 0x9B, 0x68, 0x03, 0xF0, 0x01, 0x03, 
0x01, 0x2B, 0x19, 0xD1, 0xFB, 0x68, 0xDB, 0x8F, 0x9B, 0xB2, 0x00, 0x2B, 
0x14, 0xD0, 0xFB, 0x68, 0x1B, 0x68, 0xDA, 0x68, 0xFB, 0x68, 0x9B, 0x6B, 
0x92, 0xB2, 0x1A, 0x80, 0xFB, 0x68, 0x9B, 0x6B, 0x9A, 0x1C, 0xFB, 0x68, 
0x9A, 0x63, 0xFB, 0x68, 0xDB, 0x8F, 0x9B, 0xB2, 0x01, 0x3B, 0x9A, 0xB2, 
0xFB, 0x68, 0xDA, 0x87, 0x01, 0x23, 0x7B, 0x62, 0xFE, 0xF7, 0x5C, 0xFA, 
0x02, 0x46, 0x3B, 0x6A, 0xD3, 0x1A, 0x3A, 0x6B, 0x9A, 0x42, 0x0D, 0xD8, 
0x3B, 0x6B, 0xB3, 0xF1, 0xFF, 0x3F, 0x09, 0xD0, 0xFB, 0x68, 0x01, 0x22, 
0x83, 0xF8, 0x51, 0x20, 0xFB, 0x68, 0x00, 0x22, 0x83, 0xF8, 0x50, 0x20, 
0x03, 0x23, 0xBC, 0xE0, 0xFB, 0x68, 0xDB, 0x8E, 0x9B, 0xB2, 0x00, 0x2B, 
0xA0, 0xD1, 0xFB, 0x68, 0xDB, 0x8F, 0x9B, 0xB2, 0x00, 0x2B, 0x9B, 0xD1, 
0x82, 0xE0, 0xFB, 0x68, 0x5B, 0x68, 0x00, 0x2B, 0x02, 0xD0, 0xFB, 0x8A, 
0x01, 0x2B, 0x71, 0xD1, 0xFB, 0x68, 0x1A, 0x6B, 0xFB, 0x68, 0x1B, 0x68, 
0x0C, 0x33, 0x12, 0x78, 0x1A, 0x70, 0xFB, 0x68, 0x1B, 0x6B, 0x5A, 0x1C, 
0xFB, 0x68, 0x1A, 0x63, 0xFB, 0x68, 0xDB, 0x8E, 0x9B, 0xB2, 0x01, 0x3B, 
0x9A, 0xB2, 0xFB, 0x68, 0xDA, 0x86, 0x5D, 0xE0, 0xFB, 0x68, 0x1B, 0x68, 
0x9B, 0x68, 0x03, 0xF0, 0x02, 0x03, 0x02, 0x2B, 0x1C, 0xD1, 0xFB, 0x68, 
0xDB, 0x8E, 0x9B, 0xB2, 0x00, 0x2B, 0x17, 0xD0, 0x7B, 0x6A, 0x01, 0x2B, 
0x14, 0xD1, 0xFB, 0x68, 0x1A, 0x6B, 0xFB, 0x68, 0x1B, 0x68, 0x0C, 0x33, 
0x12, 0x78, 0x1A, 0x70, 0xFB, 0x68, 0x1B, 0x6B, 0x5A, 0x1C, 0xFB, 0x68, 
0x1A, 0x63, 0xFB, 0x68, 0xDB, 0x8E, 0x9B, 0xB2, 0x01, 0x3B, 0x9A, 0xB2, 
0xFB, 0x68, 0xDA, 0x86, 0x00, 0x23, 0x7B, 0x62, 0xFB, 0x68, 0x1B, 0x68, 
0x9B, 0x68, 0x03, 0xF0, 0x01, 0x03, 0x01, 0x2B, 0x19, 0xD1, 0xFB, 0x68, 
0xDB, 0x8F, 0x9B, 0xB2, 0x00, 0x2B, 0x14, 0xD0, 0xFB, 0x68, 0x1B, 0x68, 
0xDA, 0x68, 0xFB, 0x68, 0x9B, 0x6B, 0xD2, 0xB2, 0x1A, 0x70, 0xFB, 0x68, 
0x9B, 0x6B, 0x5A, 0x1C, 0xFB, 0x68, 0x9A, 0x63, 0xFB, 0x68, 0xDB, 0x8F, 
0x9B, 0xB2, 0x01, 0x3B, 0x9A, 0xB2, 0xFB, 0x68, 0xDA, 0x87, 0x01, 0x23, 
0x7B, 0x62, 0xFE, 0xF7, 0xDB, 0xF9, 0x02, 0x46, 0x3B, 0x6A, 0xD3, 0x1A, 
0x3A, 0x6B, 0x9A, 0x42, 0x03, 0xD8, 0x3B, 0x6B, 0xB3, 0xF1, 0xFF, 0x3F, 
0x02, 0xD1, 0x3B, 0x6B, 0x00, 0x2B, 0x09, 0xD1, 0xFB, 0x68, 0x01, 0x22, 
0x83, 0xF8, 0x51, 0x20, 0xFB, 0x68, 0x00, 0x22, 0x83, 0xF8, 0x50, 0x20, 
0x03, 0x23, 0x38, 0xE0, 0xFB, 0x68, 0xDB, 0x8E, 0x9B, 0xB2, 0x00, 0x2B, 
0x9C, 0xD1, 0xFB, 0x68, 0xDB, 0x8F, 0x9B, 0xB2, 0x00, 0x2B, 0x97, 0xD1, 
0x3A, 0x6A, 0x39, 0x6B, 0xF8, 0x68, 0x00, 0xF0, 0xC3, 0xF8, 0x03, 0x46, 
0x00, 0x2B, 0x08, 0xD0, 0xFB, 0x68, 0x20, 0x22, 0x5A, 0x65, 0xFB, 0x68, 
0x00, 0x22, 0x83, 0xF8, 0x50, 0x20, 0x01, 0x23, 0x1D, 0xE0, 0xFB, 0x68, 
0x9B, 0x68, 0x00, 0x2B, 0x0A, 0xD1, 0x00, 0x23, 0x3B, 0x61, 0xFB, 0x68, 
0x1B, 0x68, 0xDB, 0x68, 0x3B, 0x61, 0xFB, 0x68, 0x1B, 0x68, 0x9B, 0x68, 
0x3B, 0x61, 0x3B, 0x69, 0xFB, 0x68, 0x01, 0x22, 0x83, 0xF8, 0x51, 0x20, 
0xFB, 0x68, 0x00, 0x22, 0x83, 0xF8, 0x50, 0x20, 0xFB, 0x68, 0x5B, 0x6D, 
0x00, 0x2B, 0x01, 0xD0, 0x01, 0x23, 0x00, 0xE0, 0x00, 0x23, 0x18, 0x46, 
0x28, 0x37, 0xBD, 0x46, 0x80, 0xBD, 0x80, 0xB4, 0x83, 0xB0, 0x00, 0xAF, 
0x78, 0x60, 0x7B, 0x68, 0x93, 0xF8, 0x51, 0x30, 0xDB, 0xB2, 0x18, 0x46, 
0x0C, 0x37, 0xBD, 0x46, 0x80, 0xBC, 0x70, 0x47, 0x80, 0xB5, 0x88, 0xB0, 
0x00, 0xAF, 0xF8, 0x60, 0xB9, 0x60, 0x3B, 0x60, 0x13, 0x46, 0xFB, 0x71, 
0xFE, 0xF7, 0x70, 0xF9, 0x02, 0x46, 0xBB, 0x6A, 0x9B, 0x1A, 0x3A, 0x68, 
0x13, 0x44, 0xFB, 0x61, 0xFE, 0xF7, 0x68, 0xF9, 0xB8, 0x61, 0x39, 0x4B, 
0x1B, 0x68, 0x5B, 0x01, 0x1B, 0x0D, 0xFA, 0x69, 0x02, 0xFB, 0x03, 0xF3, 
0x7B, 0x61, 0x54, 0xE0, 0x3B, 0x68, 0xB3, 0xF1, 0xFF, 0x3F, 0x50, 0xD0, 
0xFE, 0xF7, 0x58, 0xF9, 0x02, 0x46, 0xBB, 0x69, 0xD3, 0x1A, 0xFA, 0x69, 
0x9A, 0x42, 0x02, 0xD9, 0xFB, 0x69, 0x00, 0x2B, 0x3D, 0xD1, 0xFB, 0x68, 
0x1B, 0x68, 0x5A, 0x68, 0xFB, 0x68, 0x1B, 0x68, 0x22, 0xF0, 0xE0, 0x02, 
0x5A, 0x60, 0xFB, 0x68, 0x5B, 0x68, 0xB3, 0xF5, 0x82, 0x7F, 0x11, 0xD1, 
0xFB, 0x68, 0x9B, 0x68, 0xB3, 0xF5, 0x00, 0x4F, 0x04, 0xD0, 0xFB, 0x68, 
0x9B, 0x68, 0xB3, 0xF5, 0x80, 0x6F, 0x07, 0xD1, 0xFB, 0x68, 0x1B, 0x68, 
0x1A, 0x68, 0xFB, 0x68, 0x1B, 0x68, 0x22, 0xF0, 0x40, 0x02, 0x1A, 0x60, 
0xFB, 0x68, 0x9B, 0x6A, 0xB3, 0xF5, 0x00, 0x5F, 0x0F, 0xD1, 0xFB, 0x68, 
0x1B, 0x68, 0x1A, 0x68, 0xFB, 0x68, 0x1B, 0x68, 0x22, 0xF4, 0x00, 0x52, 
0x1A, 0x60, 0xFB, 0x68, 0x1B, 0x68, 0x1A, 0x68, 0xFB, 0x68, 0x1B, 0x68, 
0x42, 0xF4, 0x00, 0x52, 0x1A, 0x60, 0xFB, 0x68, 0x01, 0x22, 0x83, 0xF8, 
0x51, 0x20, 0xFB, 0x68, 0x00, 0x22, 0x83, 0xF8, 0x50, 0x20, 0x03, 0x23, 
0x17, 0xE0, 0x7B, 0x69, 0x00, 0x2B, 0x01, 0xD1, 0x00, 0x23, 0xFB, 0x61, 
0x7B, 0x69, 0x01, 0x3B, 0x7B, 0x61, 0xFB, 0x68, 0x1B, 0x68, 0x9A, 0x68, 
0xBB, 0x68, 0x13, 0x40, 0xBA, 0x68, 0x9A, 0x42, 0x0C, 0xBF, 0x01, 0x23, 
0x00, 0x23, 0xDB, 0xB2, 0x1A, 0x46, 0xFB, 0x79, 0x9A, 0x42, 0x9B, 0xD1, 
0x00, 0x23, 0x18, 0x46, 0x20, 0x37, 0xBD, 0x46, 0x80, 0xBD, 0x00, 0xBF, 
0x00, 0x00, 0x00, 0x20, 0x80, 0xB5, 0x86, 0xB0, 0x02, 0xAF, 0xF8, 0x60, 
0xB9, 0x60, 0x7A, 0x60, 0x7B, 0x68, 0x00, 0x93, 0xBB, 0x68, 0x01, 0x22, 
0x02, 0x21, 0xF8, 0x68, 0xFF, 0xF7, 0x6A, 0xFF, 0x03, 0x46, 0x00, 0x2B, 
0x07, 0xD0, 0xFB, 0x68, 0x5B, 0x6D, 0x43, 0xF0, 0x20, 0x02, 0xFB, 0x68, 
0x5A, 0x65, 0x03, 0x23, 0x13, 0xE0, 0x7B, 0x68, 0x00, 0x93, 0xBB, 0x68, 
0x00, 0x22, 0x80, 0x21, 0xF8, 0x68, 0xFF, 0xF7, 0x57, 0xFF, 0x03, 0x46, 
0x00, 0x2B, 0x07, 0xD0, 0xFB, 0x68, 0x5B, 0x6D, 0x43, 0xF0, 0x20, 0x02, 
0xFB, 0x68, 0x5A, 0x65, 0x03, 0x23, 0x00, 0xE0, 0x00, 0x23, 0x18, 0x46, 
0x10, 0x37, 0xBD, 0x46, 0x80, 0xBD, 0x80, 0xB5, 0x82, 0xB0, 0x00, 0xAF, 
0x78, 0x60, 0x7B, 0x68, 0x00, 0x2B, 0x01, 0xD1, 0x01, 0x23, 0x42, 0xE0, 
0x7B, 0x68, 0x93, 0xF8, 0x41, 0x30, 0xDB, 0xB2, 0x00, 0x2B, 0x06, 0xD1, 
0x7B, 0x68, 0x00, 0x22, 0x83, 0xF8, 0x40, 0x20, 0x78, 0x68, 0xFD, 0xF7, 
0x9B, 0xFE, 0x7B, 0x68, 0x24, 0x22, 0x83, 0xF8, 0x41, 0x20, 0x7B, 0x68, 
0x1B, 0x68, 0xDA, 0x68, 0x7B, 0x68, 0x1B, 0x68, 0x22, 0xF4, 0x00, 0x52, 
0xDA, 0x60, 0x78, 0x68, 0x00, 0xF0, 0x7C, 0xFB, 0x7B, 0x68, 0x1B, 0x68, 
0x1A, 0x69, 0x7B, 0x68, 0x1B, 0x68, 0x22, 0xF4, 0x90, 0x42, 0x1A, 0x61, 
0x7B, 0x68, 0x1B, 0x68, 0x5A, 0x69, 0x7B, 0x68, 0x1B, 0x68, 0x22, 0xF0, 
0x2A, 0x02, 0x5A, 0x61, 0x7B, 0x68, 0x1B, 0x68, 0xDA, 0x68, 0x7B, 0x68, 
0x1B, 0x68, 0x42, 0xF4, 0x00, 0x52, 0xDA, 0x60, 0x7B, 0x68, 0x00, 0x22, 
0x5A, 0x64, 0x7B, 0x68, 0x20, 0x22, 0x83, 0xF8, 0x41, 0x20, 0x7B, 0x68, 
0x20, 0x22, 0x83, 0xF8, 0x42, 0x20, 0x7B, 0x68, 0x00, 0x22, 0x5A, 0x63, 
0x00, 0x23, 0x18, 0x46, 0x08, 0x37, 0xBD, 0x46, 0x80, 0xBD, 0x80, 0xB5, 
0x8A, 0xB0, 0x02, 0xAF, 0xF8, 0x60, 0xB9, 0x60, 0x3B, 0x60, 0x13, 0x46, 
0xFB, 0x80, 0x00, 0x23, 0x7B, 0x61, 0xFB, 0x68, 0x93, 0xF8, 0x41, 0x30, 
0xDB, 0xB2, 0x20, 0x2B, 0x75, 0xD1, 0xBB, 0x68, 0x00, 0x2B, 0x02, 0xD0, 
0xFB, 0x88, 0x00, 0x2B, 0x01, 0xD1, 0x01, 0x23, 0x6E, 0xE0, 0xFB, 0x68, 
0x00, 0x22, 0x5A, 0x64, 0xFB, 0x68, 0x21, 0x22, 0x83, 0xF8, 0x41, 0x20, 
0xFE, 0xF7, 0x50, 0xF8, 0x78, 0x61, 0xFB, 0x68, 0xFA, 0x88, 0x9A, 0x84, 
0xFB, 0x68, 0xFA, 0x88, 0xDA, 0x84, 0xFB, 0x68, 0x9B, 0x68, 0xB3, 0xF5, 
0x80, 0x5F, 0x08, 0xD1, 0xFB, 0x68, 0x1B, 0x69, 0x00, 0x2B, 0x04, 0xD1, 
0x00, 0x23, 0xFB, 0x61, 0xBB, 0x68, 0xBB, 0x61, 0x03, 0xE0, 0xBB, 0x68, 
0xFB, 0x61, 0x00, 0x23, 0xBB, 0x61, 0x2E, 0xE0, 0x3B, 0x68, 0x00, 0x93, 
0x7B, 0x69, 0x00, 0x22, 0x80, 0x21, 0xF8, 0x68, 0x00, 0xF0, 0x91, 0xF9, 
0x03, 0x46, 0x00, 0x2B, 0x05, 0xD0, 0xFB, 0x68, 0x20, 0x22, 0x83, 0xF8, 
0x41, 0x20, 0x03, 0x23, 0x3A, 0xE0, 0xFB, 0x69, 0x00, 0x2B, 0x0B, 0xD1, 
0xBB, 0x69, 0x1B, 0x88, 0x1A, 0x46, 0xFB, 0x68, 0x1B, 0x68, 0xC2, 0xF3, 
0x08, 0x02, 0x5A, 0x60, 0xBB, 0x69, 0x02, 0x33, 0xBB, 0x61, 0x07, 0xE0, 
0xFB, 0x69, 0x1A, 0x78, 0xFB, 0x68, 0x1B, 0x68, 0x5A, 0x60, 0xFB, 0x69, 
0x01, 0x33, 0xFB, 0x61, 0xFB, 0x68, 0xDB, 0x8C, 0x9B, 0xB2, 0x01, 0x3B, 
0x9A, 0xB2, 0xFB, 0x68, 0xDA, 0x84, 0xFB, 0x68, 0xDB, 0x8C, 0x9B, 0xB2, 
0x00, 0x2B, 0xCB, 0xD1, 0x3B, 0x68, 0x00, 0x93, 0x7B, 0x69, 0x00, 0x22, 
0x40, 0x21, 0xF8, 0x68, 0x00, 0xF0, 0x5D, 0xF9, 0x03, 0x46, 0x00, 0x2B, 
0x05, 0xD0, 0xFB, 0x68, 0x20, 0x22, 0x83, 0xF8, 0x41, 0x20, 0x03, 0x23, 
0x06, 0xE0, 0xFB, 0x68, 0x20, 0x22, 0x83, 0xF8, 0x41, 0x20, 0x00, 0x23, 
0x00, 0xE0, 0x02, 0x23, 0x18, 0x46, 0x20, 0x37, 0xBD, 0x46, 0x80, 0xBD, 
0x80, 0xB5, 0x84, 0xB0, 0x00, 0xAF, 0xF8, 0x60, 0xB9, 0x60, 0x13, 0x46, 
0xFB, 0x80, 0xFB, 0x68, 0x93, 0xF8, 0x42, 0x30, 0xDB, 0xB2, 0x20, 0x2B, 
0x12, 0xD1, 0xBB, 0x68, 0x00, 0x2B, 0x02, 0xD0, 0xFB, 0x88, 0x00, 0x2B, 
0x01, 0xD1, 0x01, 0x23, 0x0B, 0xE0, 0xFB, 0x68, 0x00, 0x22, 0x1A, 0x63, 
0xFB, 0x88, 0x1A, 0x46, 0xB9, 0x68, 0xF8, 0x68, 0x00, 0xF0, 0x84, 0xF9, 
0x03, 0x46, 0x00, 0xE0, 0x02, 0x23, 0x18, 0x46, 0x10, 0x37, 0xBD, 0x46, 
0x80, 0xBD, 0x80, 0xB4, 0x83, 0xB0, 0x00, 0xAF, 0x78, 0x60, 0x00, 0xBF, 
0x0C, 0x37, 0xBD, 0x46, 0x80, 0xBC, 0x70, 0x47, 0x80, 0xB4, 0x83, 0xB0, 
0x00, 0xAF, 0x78, 0x60, 0x00, 0xBF, 0x0C, 0x37, 0xBD, 0x46, 0x80, 0xBC, 
0x70, 0x47, 0x80, 0xB4, 0x83, 0xB0, 0x00, 0xAF, 0x78, 0x60, 0x00, 0xBF, 
0x0C, 0x37, 0xBD, 0x46, 0x80, 0xBC, 0x70, 0x47, 0x80, 0xB4, 0x83, 0xB0, 
0x00, 0xAF, 0x78, 0x60, 0x0B, 0x46, 0x7B, 0x80, 0x00, 0xBF, 0x0C, 0x37, 
0xBD, 0x46, 0x80, 0xBC, 0x70, 0x47, 0x80, 0xB5, 0x9C, 0xB0, 0x00, 0xAF, 
0x78, 0x60, 0x7B, 0x68, 0x5B, 0x6A, 0xFB, 0x66, 0x7B, 0x68, 0x1B, 0x68, 
0x1B, 0x68, 0x03, 0xF0, 0x20, 0x03, 0x00, 0x2B, 0x72, 0xD1, 0xFB, 0x6E, 
0x00, 0x22, 0xDA, 0x85, 0xFB, 0x6E, 0x1B, 0x68, 0x0C, 0x33, 0xFB, 0x64, 
0xFB, 0x6C, 0x53, 0xE8, 0x00, 0x3F, 0xBB, 0x64, 0xBB, 0x6C, 0x23, 0xF4, 
0x80, 0x73, 0xBB, 0x66, 0xFB, 0x6E, 0x1B, 0x68, 0x0C, 0x33, 0xBA, 0x6E, 
0xBA, 0x65, 0x7B, 0x65, 0x79, 0x6D, 0xBA, 0x6D, 0x41, 0xE8, 0x00, 0x23, 
0x3B, 0x65, 0x3B, 0x6D, 0x00, 0x2B, 0xE5, 0xD1, 0xFB, 0x6E, 0x1B, 0x68, 
0x14, 0x33, 0xBB, 0x63, 0xBB, 0x6B, 0x53, 0xE8, 0x00, 0x3F, 0x7B, 0x63, 
0x7B, 0x6B, 0x23, 0xF0, 0x01, 0x03, 0x7B, 0x66, 0xFB, 0x6E, 0x1B, 0x68, 
0x14, 0x33, 0x7A, 0x6E, 0x7A, 0x64, 0x3B, 0x64, 0x39, 0x6C, 0x7A, 0x6C, 
0x41, 0xE8, 0x00, 0x23, 0xFB, 0x63, 0xFB, 0x6B, 0x00, 0x2B, 0xE5, 0xD1, 
0xFB, 0x6E, 0x1B, 0x68, 0x14, 0x33, 0x7B, 0x62, 0x7B, 0x6A, 0x53, 0xE8, 
0x00, 0x3F, 0x3B, 0x62, 0x3B, 0x6A, 0x23, 0xF0, 0x40, 0x03, 0x3B, 0x66, 
0xFB, 0x6E, 0x1B, 0x68, 0x14, 0x33, 0x3A, 0x6E, 0x3A, 0x63, 0xFB, 0x62, 
0xF9, 0x6A, 0x3A, 0x6B, 0x41, 0xE8, 0x00, 0x23, 0xBB, 0x62, 0xBB, 0x6A, 
0x00, 0x2B, 0xE5, 0xD1, 0xFB, 0x6E, 0x20, 0x22, 0x83, 0xF8, 0x42, 0x20, 
0xFB, 0x6E, 0x1B, 0x6B, 0x01, 0x2B, 0x19, 0xD1, 0xFB, 0x6E, 0x1B, 0x68, 
0x0C, 0x33, 0x3B, 0x61, 0x3B, 0x69, 0x53, 0xE8, 0x00, 0x3F, 0xFB, 0x60, 
0xFB, 0x68, 0x23, 0xF0, 0x10, 0x03, 0xFB, 0x65, 0xFB, 0x6E, 0x1B, 0x68, 
0x0C, 0x33, 0xFA, 0x6D, 0xFA, 0x61, 0xBB, 0x61, 0xB9, 0x69, 0xFA, 0x69, 
0x41, 0xE8, 0x00, 0x23, 0x7B, 0x61, 0x7B, 0x69, 0x00, 0x2B, 0xE5, 0xD1, 
0xFB, 0x6E, 0x00, 0x22, 0x5A, 0x63, 0xFB, 0x6E, 0x1B, 0x6B, 0x01, 0x2B, 
0x06, 0xD1, 0xFB, 0x6E, 0x9B, 0x8D, 0x19, 0x46, 0xF8, 0x6E, 0xFF, 0xF7, 
0x67, 0xFF, 0x02, 0xE0, 0xF8, 0x6E, 0xFF, 0xF7, 0x48, 0xFF, 0x00, 0xBF, 
0x70, 0x37, 0xBD, 0x46, 0x80, 0xBD, 0x80, 0xB5, 0x84, 0xB0, 0x00, 0xAF, 
0x78, 0x60, 0x7B, 0x68, 0x5B, 0x6A, 0xFB, 0x60, 0xFB, 0x68, 0x01, 0x22, 
0x5A, 0x63, 0xFB, 0x68, 0x1B, 0x6B, 0x01, 0x2B, 0x08, 0xD1, 0xFB, 0x68, 
0x9B, 0x8D, 0x5B, 0x08, 0x9B, 0xB2, 0x19, 0x46, 0xF8, 0x68, 0xFF, 0xF7, 
0x49, 0xFF, 0x02, 0xE0, 0xF8, 0x68, 0xFF, 0xF7, 0x33, 0xFF, 0x00, 0xBF, 
0x10, 0x37, 0xBD, 0x46, 0x80, 0xBD, 0x80, 0xB5, 0x84, 0xB0, 0x00, 0xAF, 
0x78, 0x60, 0x00, 0x23, 0xFB, 0x60, 0x7B, 0x68, 0x5B, 0x6A, 0xBB, 0x60, 
0xBB, 0x68, 0x1B, 0x68, 0x5B, 0x69, 0x03, 0xF0, 0x80, 0x03, 0x00, 0x2B, 
0x14, 0xBF, 0x01, 0x23, 0x00, 0x23, 0xDB, 0xB2, 0xFB, 0x60, 0xBB, 0x68, 
0x93, 0xF8, 0x41, 0x30, 0xDB, 0xB2, 0x21, 0x2B, 0x08, 0xD1, 0xFB, 0x68, 
0x00, 0x2B, 0x05, 0xD0, 0xBB, 0x68, 0x00, 0x22, 0xDA, 0x84, 0xB8, 0x68, 
0x00, 0xF0, 0x1A, 0xF9, 0xBB, 0x68, 0x1B, 0x68, 0x5B, 0x69, 0x03, 0xF0, 
0x40, 0x03, 0x00, 0x2B, 0x14, 0xBF, 0x01, 0x23, 0x00, 0x23, 0xDB, 0xB2, 
0xFB, 0x60, 0xBB, 0x68, 0x93, 0xF8, 0x42, 0x30, 0xDB, 0xB2, 0x22, 0x2B, 
0x08, 0xD1, 0xFB, 0x68, 0x00, 0x2B, 0x05, 0xD0, 0xBB, 0x68, 0x00, 0x22, 
0xDA, 0x85, 0xB8, 0x68, 0x00, 0xF0, 0x27, 0xF9, 0xBB, 0x68, 0x5B, 0x6C, 
0x43, 0xF0, 0x10, 0x02, 0xBB, 0x68, 0x5A, 0x64, 0xB8, 0x68, 0xFF, 0xF7, 
0xF2, 0xFE, 0x00, 0xBF, 0x10, 0x37, 0xBD, 0x46, 0x80, 0xBD, 0x80, 0xB5, 
0x86, 0xB0, 0x00, 0xAF, 0xF8, 0x60, 0xB9, 0x60, 0x3B, 0x60, 0x13, 0x46, 
0xFB, 0x71, 0x3B, 0xE0, 0x3B, 0x6A, 0xB3, 0xF1, 0xFF, 0x3F, 0x37, 0xD0, 
0xFD, 0xF7, 0x8E, 0xFE, 0x02, 0x46, 0x3B, 0x68, 0xD3, 0x1A, 0x3A, 0x6A, 
0x9A, 0x42, 0x02, 0xD3, 0x3B, 0x6A, 0x00, 0x2B, 0x01, 0xD1, 0x03, 0x23, 
0x3A, 0xE0, 0xFB, 0x68, 0x1B, 0x68, 0xDB, 0x68, 0x03, 0xF0, 0x04, 0x03, 
0x00, 0x2B, 0x23, 0xD0, 0xBB, 0x68, 0x80, 0x2B, 0x20, 0xD0, 0xBB, 0x68, 
0x40, 0x2B, 0x1D, 0xD0, 0xFB, 0x68, 0x1B, 0x68, 0x1B, 0x68, 0x03, 0xF0, 
0x08, 0x03, 0x08, 0x2B, 0x16, 0xD1, 0x00, 0x23, 0x7B, 0x61, 0xFB, 0x68, 
0x1B, 0x68, 0x1B, 0x68, 0x7B, 0x61, 0xFB, 0x68, 0x1B, 0x68, 0x5B, 0x68, 
0x7B, 0x61, 0x7B, 0x69, 0xF8, 0x68, 0x00, 0xF0, 0xDE, 0xF8, 0xFB, 0x68, 
0x08, 0x22, 0x5A, 0x64, 0xFB, 0x68, 0x00, 0x22, 0x83, 0xF8, 0x40, 0x20, 
0x01, 0x23, 0x0F, 0xE0, 0xFB, 0x68, 0x1B, 0x68, 0x1A, 0x68, 0xBB, 0x68, 
0x13, 0x40, 0xBA, 0x68, 0x9A, 0x42, 0x0C, 0xBF, 0x01, 0x23, 0x00, 0x23, 
0xDB, 0xB2, 0x1A, 0x46, 0xFB, 0x79, 0x9A, 0x42, 0xB4, 0xD0, 0x00, 0x23, 
0x18, 0x46, 0x18, 0x37, 0xBD, 0x46, 0x80, 0xBD, 0x80, 0xB5, 0x98, 0xB0, 
0x00, 0xAF, 0xF8, 0x60, 0xB9, 0x60, 0x13, 0x46, 0xFB, 0x80, 0xBA, 0x68, 
0xFB, 0x68, 0x9A, 0x62, 0xFB, 0x68, 0xFA, 0x88, 0x9A, 0x85, 0xFB, 0x68, 
0x00, 0x22, 0x5A, 0x64, 0xFB, 0x68, 0x22, 0x22, 0x83, 0xF8, 0x42, 0x20, 
0xFB, 0x68, 0xDB, 0x6B, 0x3E, 0x4A, 0x9A, 0x62, 0xFB, 0x68, 0xDB, 0x6B, 
0x3D, 0x4A, 0xDA, 0x62, 0xFB, 0x68, 0xDB, 0x6B, 0x3C, 0x4A, 0x1A, 0x63, 
0xFB, 0x68, 0xDB, 0x6B, 0x00, 0x22, 0x5A, 0x63, 0x07, 0xF1, 0x08, 0x03, 
0xFB, 0x65, 0xFB, 0x68, 0xD8, 0x6B, 0xFB, 0x68, 0x1B, 0x68, 0x04, 0x33, 
0x19, 0x46, 0xFB, 0x6D, 0x1A, 0x68, 0xFB, 0x88, 0xFD, 0xF7, 0xA8, 0xFF, 
0x00, 0x23, 0x3B, 0x61, 0xFB, 0x68, 0x1B, 0x68, 0x1B, 0x68, 0x3B, 0x61, 
0xFB, 0x68, 0x1B, 0x68, 0x5B, 0x68, 0x3B, 0x61, 0x3B, 0x69, 0xFB, 0x68, 
0x1B, 0x69, 0x00, 0x2B, 0x19, 0xD0, 0xFB, 0x68, 0x1B, 0x68, 0x0C, 0x33, 
0x3B, 0x64, 0x3B, 0x6C, 0x53, 0xE8, 0x00, 0x3F, 0xFB, 0x63, 0xFB, 0x6B, 
0x43, 0xF4, 0x80, 0x73, 0xBB, 0x65, 0xFB, 0x68, 0x1B, 0x68, 0x0C, 0x33, 
0xBA, 0x6D, 0xFA, 0x64, 0xBB, 0x64, 0xB9, 0x6C, 0xFA, 0x6C, 0x41, 0xE8, 
0x00, 0x23, 0x7B, 0x64, 0x7B, 0x6C, 0x00, 0x2B, 0xE5, 0xD1, 0xFB, 0x68, 
0x1B, 0x68, 0x14, 0x33, 0xFB, 0x62, 0xFB, 0x6A, 0x53, 0xE8, 0x00, 0x3F, 
0xBB, 0x62, 0xBB, 0x6A, 0x43, 0xF0, 0x01, 0x03, 0x7B, 0x65, 0xFB, 0x68, 
0x1B, 0x68, 0x14, 0x33, 0x7A, 0x6D, 0xBA, 0x63, 0x7B, 0x63, 0x79, 0x6B, 
0xBA, 0x6B, 0x41, 0xE8, 0x00, 0x23, 0x3B, 0x63, 0x3B, 0x6B, 0x00, 0x2B, 
0xE5, 0xD1, 0xFB, 0x68, 0x1B, 0x68, 0x14, 0x33, 0xBB, 0x61, 0xBB, 0x69, 
0x53, 0xE8, 0x00, 0x3F, 0x7B, 0x61, 0x7B, 0x69, 0x43, 0xF0, 0x40, 0x03, 
0x3B, 0x65, 0xFB, 0x68, 0x1B, 0x68, 0x14, 0x33, 0x3A, 0x6D, 0x7A, 0x62, 
0x3B, 0x62, 0x39, 0x6A, 0x7A, 0x6A, 0x41, 0xE8, 0x00, 0x23, 0xFB, 0x61, 
0xFB, 0x69, 0x00, 0x2B, 0xE5, 0xD1, 0x00, 0x23, 0x18, 0x46, 0x60, 0x37, 
0xBD, 0x46, 0x80, 0xBD, 0x2F, 0x81, 0x00, 0x08, 0x5B, 0x82, 0x00, 0x08, 
0x97, 0x82, 0x00, 0x08, 0x80, 0xB4, 0x89, 0xB0, 0x00, 0xAF, 0x78, 0x60, 
0x7B, 0x68, 0x1B, 0x68, 0x0C, 0x33, 0xFB, 0x60, 0xFB, 0x68, 0x53, 0xE8, 
0x00, 0x3F, 0xBB, 0x60, 0xBB, 0x68, 0x23, 0xF0, 0xC0, 0x03, 0xFB, 0x61, 
0x7B, 0x68, 0x1B, 0x68, 0x0C, 0x33, 0xFA, 0x69, 0xBA, 0x61, 0x7B, 0x61, 
0x79, 0x69, 0xBA, 0x69, 0x41, 0xE8, 0x00, 0x23, 0x3B, 0x61, 0x3B, 0x69, 
0x00, 0x2B, 0xE5, 0xD1, 0x7B, 0x68, 0x20, 0x22, 0x83, 0xF8, 0x41, 0x20, 
0x00, 0xBF, 0x24, 0x37, 0xBD, 0x46, 0x80, 0xBC, 0x70, 0x47, 0x80, 0xB4, 
0x95, 0xB0, 0x00, 0xAF, 0x78, 0x60, 0x7B, 0x68, 0x1B, 0x68, 0x0C, 0x33, 
0x7B, 0x63, 0x7B, 0x6B, 0x53, 0xE8, 0x00, 0x3F, 0x3B, 0x63, 0x3B, 0x6B, 
0x23, 0xF4, 0x90, 0x73, 0xFB, 0x64, 0x7B, 0x68, 0x1B, 0x68, 0x0C, 0x33, 
0xFA, 0x6C, 0x3A, 0x64, 0xFB, 0x63, 0xF9, 0x6B, 0x3A, 0x6C, 0x41, 0xE8, 
0x00, 0x23, 0xBB, 0x63, 0xBB, 0x6B, 0x00, 0x2B, 0xE5, 0xD1, 0x7B, 0x68, 
0x1B, 0x68, 0x14, 0x33, 0x3B, 0x62, 0x3B, 0x6A, 0x53, 0xE8, 0x00, 0x3F, 
0xFB, 0x61, 0xFB, 0x69, 0x23, 0xF0, 0x01, 0x03, 0xBB, 0x64, 0x7B, 0x68, 
0x1B, 0x68, 0x14, 0x33, 0xBA, 0x6C, 0xFA, 0x62, 0xBB, 0x62, 0xB9, 0x6A, 
0xFA, 0x6A, 0x41, 0xE8, 0x00, 0x23, 0x7B, 0x62, 0x7B, 0x6A, 0x00, 0x2B, 
0xE5, 0xD1, 0x7B, 0x68, 0x1B, 0x6B, 0x01, 0x2B, 0x19, 0xD1, 0x7B, 0x68, 
0x1B, 0x68, 0x0C, 0x33, 0xFB, 0x60, 0xFB, 0x68, 0x53, 0xE8, 0x00, 0x3F, 
0xBB, 0x60, 0xBB, 0x68, 0x23, 0xF0, 0x10, 0x03, 0x7B, 0x64, 0x7B, 0x68, 
0x1B, 0x68, 0x0C, 0x33, 0x7A, 0x6C, 0xBA, 0x61, 0x7B, 0x61, 0x79, 0x69, 
0xBA, 0x69, 0x41, 0xE8, 0x00, 0x23, 0x3B, 0x61, 0x3B, 0x69, 0x00, 0x2B, 
0xE5, 0xD1, 0x7B, 0x68, 0x20, 0x22, 0x83, 0xF8, 0x42, 0x20, 0x7B, 0x68, 
0x00, 0x22, 0x1A, 0x63, 0x00, 0xBF, 0x54, 0x37, 0xBD, 0x46, 0x80, 0xBC, 
0x70, 0x47, 0x00, 0x00, 0x80, 0xB5, 0x84, 0xB0, 0x00, 0xAF, 0x78, 0x60, 
0x7B, 0x68, 0x1B, 0x68, 0x1B, 0x69, 0x23, 0xF4, 0x40, 0x51, 0x7B, 0x68, 
0xDA, 0x68, 0x7B, 0x68, 0x1B, 0x68, 0x0A, 0x43, 0x1A, 0x61, 0x7B, 0x68, 
0x9A, 0x68, 0x7B, 0x68, 0x1B, 0x69, 0x1A, 0x43, 0x7B, 0x68, 0x5B, 0x69, 
0x13, 0x43, 0xBB, 0x60, 0x7B, 0x68, 0x1B, 0x68, 0xDB, 0x68, 0x23, 0xF4, 
0xB0, 0x53, 0x23, 0xF0, 0x0C, 0x03, 0x7A, 0x68, 0x12, 0x68, 0xB9, 0x68, 
0x0B, 0x43, 0xD3, 0x60, 0x7B, 0x68, 0x1B, 0x68, 0x5B, 0x69, 0x23, 0xF4, 
0x40, 0x71, 0x7B, 0x68, 0x9A, 0x69, 0x7B, 0x68, 0x1B, 0x68, 0x0A, 0x43, 
0x5A, 0x61, 0x7B, 0x68, 0x1B, 0x68, 0x2C, 0x4A, 0x93, 0x42, 0x03, 0xD1, 
0xFE, 0xF7, 0xC0, 0xFF, 0xF8, 0x60, 0x02, 0xE0, 0xFE, 0xF7, 0xA8, 0xFF, 
0xF8, 0x60, 0xFA, 0x68, 0x13, 0x46, 0x9B, 0x00, 0x13, 0x44, 0x9A, 0x00, 
0x1A, 0x44, 0x7B, 0x68, 0x5B, 0x68, 0x9B, 0x00, 0xB2, 0xFB, 0xF3, 0xF3, 
0x22, 0x4A, 0xA2, 0xFB, 0x03, 0x23, 0x5B, 0x09, 0x19, 0x01, 0xFA, 0x68, 
0x13, 0x46, 0x9B, 0x00, 0x13, 0x44, 0x9A, 0x00, 0x1A, 0x44, 0x7B, 0x68, 
0x5B, 0x68, 0x9B, 0x00, 0xB2, 0xFB, 0xF3, 0xF2, 0x1A, 0x4B, 0xA3, 0xFB, 
0x02, 0x03, 0x5B, 0x09, 0x64, 0x20, 0x00, 0xFB, 0x03, 0xF3, 0xD3, 0x1A, 
0x1B, 0x01, 0x32, 0x33, 0x15, 0x4A, 0xA2, 0xFB, 0x03, 0x23, 0x5B, 0x09, 
0x03, 0xF0, 0xF0, 0x03, 0x19, 0x44, 0xFA, 0x68, 0x13, 0x46, 0x9B, 0x00, 
0x13, 0x44, 0x9A, 0x00, 0x1A, 0x44, 0x7B, 0x68, 0x5B, 0x68, 0x9B, 0x00, 
0xB2, 0xFB, 0xF3, 0xF2, 0x0C, 0x4B, 0xA3, 0xFB, 0x02, 0x03, 0x5B, 0x09, 
0x64, 0x20, 0x00, 0xFB, 0x03, 0xF3, 0xD3, 0x1A, 0x1B, 0x01, 0x32, 0x33, 
0x07, 0x4A, 0xA2, 0xFB, 0x03, 0x23, 0x5B, 0x09, 0x03, 0xF0, 0x0F, 0x02, 
0x7B, 0x68, 0x1B, 0x68, 0x0A, 0x44, 0x9A, 0x60, 0x00, 0xBF, 0x10, 0x37, 
0xBD, 0x46, 0x80, 0xBD, 0x00, 0x38, 0x01, 0x40, 0x1F, 0x85, 0xEB, 0x51, 
0x00, 0x23, 0x10, 0xB5, 0x04, 0x46, 0xC0, 0xE9, 0x00, 0x33, 0xC0, 0xE9, 
0x04, 0x33, 0x83, 0x60, 0x81, 0x81, 0x43, 0x66, 0xC2, 0x81, 0x83, 0x61, 
0x19, 0x46, 0x08, 0x22, 0x5C, 0x30, 0x00, 0xF0, 0x3F, 0xFA, 0x0D, 0x4B, 
0x24, 0x62, 0x63, 0x62, 0x0C, 0x4B, 0xA3, 0x62, 0x0C, 0x4B, 0xE3, 0x62, 
0x0C, 0x4B, 0x23, 0x63, 0x0C, 0x4B, 0x9C, 0x42, 0x06, 0xD0, 0x03, 0xF1, 
0x68, 0x02, 0x94, 0x42, 0x02, 0xD0, 0xD0, 0x33, 0x9C, 0x42, 0x05, 0xD1, 
0x04, 0xF1, 0x58, 0x00, 0xBD, 0xE8, 0x10, 0x40, 0x00, 0xF0, 0xD4, 0xBA, 
0x10, 0xBD, 0x00, 0xBF, 0x11, 0x8A, 0x00, 0x08, 0x33, 0x8A, 0x00, 0x08, 
0x6B, 0x8A, 0x00, 0x08, 0x8F, 0x8A, 0x00, 0x08, 0x20, 0x10, 0x00, 0x20, 
0x02, 0x4A, 0x03, 0x49, 0x03, 0x48, 0x00, 0xF0, 0x69, 0xB8, 0x00, 0xBF, 
0x0C, 0x00, 0x00, 0x20, 0x9D, 0x98, 0x00, 0x08, 0x1C, 0x00, 0x00, 0x20, 
0x41, 0x68, 0x0C, 0x4B, 0x10, 0xB5, 0x99, 0x42, 0x04, 0x46, 0x01, 0xD0, 
0x01, 0xF0, 0x64, 0xF8, 0xA1, 0x68, 0x09, 0x4B, 0x99, 0x42, 0x02, 0xD0, 
0x20, 0x46, 0x01, 0xF0, 0x5D, 0xF8, 0xE1, 0x68, 0x06, 0x4B, 0x99, 0x42, 
0x04, 0xD0, 0x20, 0x46, 0xBD, 0xE8, 0x10, 0x40, 0x01, 0xF0, 0x54, 0xB8, 
0x10, 0xBD, 0x00, 0xBF, 0x20, 0x10, 0x00, 0x20, 0x88, 0x10, 0x00, 0x20, 
0xF0, 0x10, 0x00, 0x20, 0x10, 0xB5, 0x0B, 0x4B, 0x0B, 0x4C, 0x0C, 0x4A, 
0x20, 0x46, 0x1A, 0x60, 0x04, 0x21, 0x00, 0x22, 0xFF, 0xF7, 0x94, 0xFF, 
0x04, 0xF1, 0x68, 0x00, 0x01, 0x22, 0x09, 0x21, 0xFF, 0xF7, 0x8E, 0xFF, 
0x04, 0xF1, 0xD0, 0x00, 0x02, 0x22, 0xBD, 0xE8, 0x10, 0x40, 0x12, 0x21, 
0xFF, 0xF7, 0x86, 0xBF, 0x58, 0x11, 0x00, 0x20, 0x20, 0x10, 0x00, 0x20, 
0xAD, 0x87, 0x00, 0x08, 0x01, 0x48, 0x00, 0xF0, 0x7C, 0xBA, 0x00, 0xBF, 
0x61, 0x11, 0x00, 0x20, 0x01, 0x48, 0x00, 0xF0, 0x77, 0xBA, 0x00, 0xBF, 
0x61, 0x11, 0x00, 0x20, 0x10, 0xB5, 0x04, 0x46, 0xFF, 0xF7, 0xF0, 0xFF, 
0x23, 0x6A, 0x1B, 0xB1, 0xBD, 0xE8, 0x10, 0x40, 0xFF, 0xF7, 0xF0, 0xBF, 
0x04, 0x4B, 0x23, 0x62, 0x04, 0x4B, 0x1B, 0x68, 0x00, 0x2B, 0xF5, 0xD1, 
0xFF, 0xF7, 0xC4, 0xFF, 0xF2, 0xE7, 0x00, 0xBF, 0xC5, 0x87, 0x00, 0x08, 
0x58, 0x11, 0x00, 0x20, 0x2D, 0xE9, 0xF8, 0x43, 0x07, 0x46, 0x88, 0x46, 
0x14, 0x46, 0x00, 0x26, 0xD4, 0xE9, 0x01, 0x95, 0xB9, 0xF1, 0x01, 0x09, 
0x05, 0xD5, 0x24, 0x68, 0x00, 0x2C, 0xF7, 0xD1, 0x30, 0x46, 0xBD, 0xE8, 
0xF8, 0x83, 0xAB, 0x89, 0x01, 0x2B, 0x07, 0xD9, 0xB5, 0xF9, 0x0E, 0x30, 
0x01, 0x33, 0x03, 0xD0, 0x29, 0x46, 0x38, 0x46, 0xC0, 0x47, 0x06, 0x43, 
0x68, 0x35, 0xE9, 0xE7, 0x0F, 0xB4, 0x07, 0xB5, 0x06, 0x49, 0x04, 0xAB, 
0x08, 0x68, 0x53, 0xF8, 0x04, 0x2B, 0x81, 0x68, 0x01, 0x93, 0x00, 0xF0, 
0xB9, 0xFC, 0x03, 0xB0, 0x5D, 0xF8, 0x04, 0xEB, 0x04, 0xB0, 0x70, 0x47, 
0x18, 0x00, 0x00, 0x20, 0x03, 0x6A, 0x70, 0xB5, 0x05, 0x46, 0x0E, 0x46, 
0x84, 0x68, 0x0B, 0xB9, 0xFF, 0xF7, 0xB0, 0xFF, 0x63, 0x6E, 0xDB, 0x07, 
0x05, 0xD4, 0xA3, 0x89, 0x98, 0x05, 0x02, 0xD4, 0xA0, 0x6D, 0x00, 0xF0, 
0x1A, 0xFA, 0xA3, 0x89, 0x19, 0x07, 0x02, 0xD5, 0x23, 0x69, 0x00, 0x2B, 
0x35, 0xD1, 0x21, 0x46, 0x28, 0x46, 0x00, 0xF0, 0xFB, 0xF8, 0x80, 0xB3, 
0x4F, 0xF0, 0xFF, 0x35, 0x63, 0x6E, 0xDA, 0x07, 0x05, 0xD4, 0xA3, 0x89, 
0x9B, 0x05, 0x02, 0xD4, 0xA0, 0x6D, 0x00, 0xF0, 0x05, 0xFA, 0x28, 0x46, 
0x70, 0xBD, 0x00, 0x2B, 0x04, 0xDA, 0xA2, 0x69, 0x9A, 0x42, 0x17, 0xDC, 
0x0A, 0x29, 0x15, 0xD0, 0x23, 0x68, 0x5A, 0x1C, 0x22, 0x60, 0x19, 0x70, 
0xA3, 0x68, 0x16, 0xF8, 0x01, 0x1F, 0x01, 0x3B, 0xA3, 0x60, 0x00, 0x29, 
0xED, 0xD1, 0x00, 0x2B, 0x11, 0xDA, 0x22, 0x46, 0x0A, 0x21, 0x28, 0x46, 
0x00, 0xF0, 0x95, 0xF8, 0x01, 0x30, 0xD7, 0xD0, 0x0A, 0x25, 0xD7, 0xE7, 
0x22, 0x46, 0x28, 0x46, 0x00, 0xF0, 0x8D, 0xF8, 0x01, 0x30, 0xE7, 0xD1, 
0xCE, 0xE7, 0x01, 0x3E, 0xE4, 0xE7, 0x23, 0x68, 0x5A, 0x1C, 0x22, 0x60, 
0x0A, 0x22, 0x1A, 0x70, 0xEE, 0xE7, 0x00, 0x00, 0x02, 0x4B, 0x01, 0x46, 
0x18, 0x68, 0xFF, 0xF7, 0xA5, 0xBF, 0x00, 0xBF, 0x18, 0x00, 0x00, 0x20, 
0x0C, 0xB4, 0x30, 0xB5, 0x18, 0x4B, 0x0C, 0x1E, 0x1D, 0x68, 0x9D, 0xB0, 
0x08, 0xDA, 0x8B, 0x23, 0x4F, 0xF0, 0xFF, 0x30, 0x2B, 0x60, 0x1D, 0xB0, 
0xBD, 0xE8, 0x30, 0x40, 0x02, 0xB0, 0x70, 0x47, 0x4F, 0xF4, 0x02, 0x73, 
0xAD, 0xF8, 0x14, 0x30, 0x4F, 0xF0, 0x00, 0x03, 0x1B, 0x93, 0x0C, 0xBF, 
0x23, 0x46, 0x04, 0xF1, 0xFF, 0x33, 0x04, 0x93, 0x07, 0x93, 0x4F, 0xF6, 
0xFF, 0x73, 0x02, 0x90, 0x06, 0x90, 0xAD, 0xF8, 0x16, 0x30, 0x28, 0x46, 
0x21, 0xAB, 0x20, 0x9A, 0x02, 0xA9, 0x01, 0x93, 0x00, 0xF0, 0x06, 0xFB, 
0x43, 0x1C, 0xBC, 0xBF, 0x8B, 0x23, 0x2B, 0x60, 0x00, 0x2C, 0xDA, 0xD0, 
0x00, 0x22, 0x02, 0x9B, 0x1A, 0x70, 0xD6, 0xE7, 0x18, 0x00, 0x00, 0x20, 
0x10, 0xB5, 0x0C, 0x46, 0xB1, 0xF9, 0x0E, 0x10, 0x00, 0xF0, 0x42, 0xF9, 
0x00, 0x28, 0xAB, 0xBF, 0x63, 0x6D, 0xA3, 0x89, 0x1B, 0x18, 0x23, 0xF4, 
0x80, 0x53, 0xAC, 0xBF, 0x63, 0x65, 0xA3, 0x81, 0x10, 0xBD, 0x2D, 0xE9, 
0xF0, 0x41, 0x1F, 0x46, 0x8B, 0x89, 0x05, 0x46, 0xDB, 0x05, 0x0C, 0x46, 
0x16, 0x46, 0x05, 0xD5, 0x02, 0x23, 0x00, 0x22, 0xB1, 0xF9, 0x0E, 0x10, 
0x00, 0xF0, 0x16, 0xF9, 0xA3, 0x89, 0x32, 0x46, 0x23, 0xF4, 0x80, 0x53, 
0xA3, 0x81, 0x28, 0x46, 0x3B, 0x46, 0xB4, 0xF9, 0x0E, 0x10, 0xBD, 0xE8, 
0xF0, 0x41, 0x00, 0xF0, 0x2D, 0xB9, 0x10, 0xB5, 0x0C, 0x46, 0xB1, 0xF9, 
0x0E, 0x10, 0x00, 0xF0, 0x03, 0xF9, 0x43, 0x1C, 0xA3, 0x89, 0x15, 0xBF, 
0x60, 0x65, 0x23, 0xF4, 0x80, 0x53, 0x43, 0xF4, 0x80, 0x53, 0xA3, 0x81, 
0x18, 0xBF, 0xA3, 0x81, 0x10, 0xBD, 0xB1, 0xF9, 0x0E, 0x10, 0x00, 0xF0, 
0xE3, 0xB8, 0xF8, 0xB5, 0x0E, 0x46, 0x14, 0x46, 0x05, 0x46, 0x18, 0xB1, 
0x03, 0x6A, 0x0B, 0xB9, 0xFF, 0xF7, 0xD8, 0xFE, 0xA3, 0x69, 0xA3, 0x60, 
0xA3, 0x89, 0x1A, 0x07, 0x01, 0xD5, 0x23, 0x69, 0x43, 0xB9, 0x21, 0x46, 
0x28, 0x46, 0x00, 0xF0, 0x2B, 0xF8, 0x18, 0xB1, 0x4F, 0xF0, 0xFF, 0x37, 
0x38, 0x46, 0xF8, 0xBD, 0x23, 0x68, 0x22, 0x69, 0xF6, 0xB2, 0x98, 0x1A, 
0x63, 0x69, 0x37, 0x46, 0x83, 0x42, 0x05, 0xDC, 0x21, 0x46, 0x28, 0x46, 
0x00, 0xF0, 0xDE, 0xFE, 0x00, 0x28, 0xED, 0xD1, 0xA3, 0x68, 0x01, 0x3B, 
0xA3, 0x60, 0x23, 0x68, 0x5A, 0x1C, 0x22, 0x60, 0x1E, 0x70, 0x62, 0x69, 
0x43, 0x1C, 0x9A, 0x42, 0x04, 0xD0, 0xA3, 0x89, 0xDB, 0x07, 0xE1, 0xD5, 
0x0A, 0x2E, 0xDF, 0xD1, 0x21, 0x46, 0x28, 0x46, 0x00, 0xF0, 0xC8, 0xFE, 
0x00, 0x28, 0xD9, 0xD0, 0xD6, 0xE7, 0x00, 0x00, 0x38, 0xB5, 0x29, 0x4B, 
0x05, 0x46, 0x18, 0x68, 0x0C, 0x46, 0x18, 0xB1, 0x03, 0x6A, 0x0B, 0xB9, 
0xFF, 0xF7, 0x98, 0xFE, 0xB4, 0xF9, 0x0C, 0x30, 0x19, 0x07, 0x22, 0xD4, 
0xDA, 0x06, 0x07, 0xD4, 0x09, 0x22, 0x2A, 0x60, 0x43, 0xF0, 0x40, 0x03, 
0x4F, 0xF0, 0xFF, 0x30, 0xA3, 0x81, 0x33, 0xE0, 0x58, 0x07, 0x12, 0xD5, 
0x61, 0x6B, 0x41, 0xB1, 0x04, 0xF1, 0x44, 0x03, 0x99, 0x42, 0x02, 0xD0, 
0x28, 0x46, 0x00, 0xF0, 0x03, 0xF9, 0x00, 0x23, 0x63, 0x63, 0xA3, 0x89, 
0x23, 0xF0, 0x24, 0x03, 0xA3, 0x81, 0x00, 0x23, 0x63, 0x60, 0x23, 0x69, 
0x23, 0x60, 0xA3, 0x89, 0x43, 0xF0, 0x08, 0x03, 0xA3, 0x81, 0x23, 0x69, 
0x4B, 0xB9, 0xA3, 0x89, 0x03, 0xF4, 0x20, 0x73, 0xB3, 0xF5, 0x00, 0x7F, 
0x03, 0xD0, 0x21, 0x46, 0x28, 0x46, 0x00, 0xF0, 0xD4, 0xFE, 0xB4, 0xF9, 
0x0C, 0x30, 0x13, 0xF0, 0x01, 0x02, 0x0A, 0xD0, 0x00, 0x22, 0xA2, 0x60, 
0x62, 0x69, 0x52, 0x42, 0xA2, 0x61, 0x22, 0x69, 0x42, 0xB9, 0x13, 0xF0, 
0x80, 0x00, 0xC5, 0xD1, 0x38, 0xBD, 0x99, 0x07, 0x58, 0xBF, 0x62, 0x69, 
0xA2, 0x60, 0xF4, 0xE7, 0x00, 0x20, 0xF7, 0xE7, 0x18, 0x00, 0x00, 0x20, 
0x10, 0xB5, 0x01, 0x39, 0x02, 0x44, 0x90, 0x42, 0x01, 0xD1, 0x00, 0x20, 
0x05, 0xE0, 0x03, 0x78, 0x11, 0xF8, 0x01, 0x4F, 0xA3, 0x42, 0x01, 0xD0, 
0x18, 0x1B, 0x10, 0xBD, 0x01, 0x30, 0xF2, 0xE7, 0x03, 0x46, 0x02, 0x44, 
0x93, 0x42, 0x00, 0xD1, 0x70, 0x47, 0x03, 0xF8, 0x01, 0x1B, 0xF9, 0xE7, 
0x03, 0x46, 0xC9, 0xB2, 0x18, 0x46, 0x13, 0xF8, 0x01, 0x2B, 0x12, 0xB1, 
0x8A, 0x42, 0xF9, 0xD1, 0x70, 0x47, 0x00, 0x29, 0x18, 0xBF, 0x00, 0x20, 
0x70, 0x47, 0x03, 0x46, 0x10, 0xB5, 0x01, 0x39, 0x32, 0xB1, 0x11, 0xF8, 
0x01, 0x4F, 0x01, 0x3A, 0x03, 0xF8, 0x01, 0x4B, 0x00, 0x2C, 0xF7, 0xD1, 
0x00, 0x21, 0x1A, 0x44, 0x93, 0x42, 0x00, 0xD1, 0x10, 0xBD, 0x03, 0xF8, 
0x01, 0x1B, 0xF9, 0xE7, 0x0A, 0x78, 0x70, 0xB5, 0x6A, 0xB9, 0x70, 0xBD, 
0x9A, 0x42, 0x09, 0xD1, 0x0C, 0x46, 0x05, 0x46, 0x14, 0xF8, 0x01, 0x3F, 
0x00, 0x2B, 0xF6, 0xD0, 0x15, 0xF8, 0x01, 0x6F, 0x9E, 0x42, 0xF7, 0xD0, 
0x01, 0x30, 0x03, 0x78, 0x00, 0x2B, 0xEF, 0xD1, 0x18, 0x46, 0xEC, 0xE7, 
0x38, 0xB5, 0x00, 0x23, 0x05, 0x4D, 0x04, 0x46, 0x08, 0x46, 0x2B, 0x60, 
0xFD, 0xF7, 0x11, 0xF9, 0x43, 0x1C, 0x02, 0xD1, 0x2B, 0x68, 0x03, 0xB1, 
0x23, 0x60, 0x38, 0xBD, 0x5C, 0x11, 0x00, 0x20, 0x38, 0xB5, 0x04, 0x46, 
0x08, 0x46, 0x11, 0x46, 0x00, 0x22, 0x05, 0x4D, 0x2A, 0x60, 0x1A, 0x46, 
0xFD, 0xF7, 0x23, 0xF9, 0x43, 0x1C, 0x02, 0xD1, 0x2B, 0x68, 0x03, 0xB1, 
0x23, 0x60, 0x38, 0xBD, 0x5C, 0x11, 0x00, 0x20, 0x38, 0xB5, 0x04, 0x46, 
0x08, 0x46, 0x11, 0x46, 0x00, 0x22, 0x05, 0x4D, 0x2A, 0x60, 0x1A, 0x46, 
0xFD, 0xF7, 0xB4, 0xF8, 0x43, 0x1C, 0x02, 0xD1, 0x2B, 0x68, 0x03, 0xB1, 
0x23, 0x60, 0x38, 0xBD, 0x5C, 0x11, 0x00, 0x20, 0x38, 0xB5, 0x04, 0x46, 
0x08, 0x46, 0x11, 0x46, 0x00, 0x22, 0x05, 0x4D, 0x2A, 0x60, 0x1A, 0x46, 
0xFD, 0xF7, 0xBF, 0xF8, 0x43, 0x1C, 0x02, 0xD1, 0x2B, 0x68, 0x03, 0xB1, 
0x23, 0x60, 0x38, 0xBD, 0x5C, 0x11, 0x00, 0x20, 0x01, 0x4B, 0x18, 0x68, 
0x70, 0x47, 0x00, 0xBF, 0x18, 0x00, 0x00, 0x20, 0x70, 0xB5, 0x00, 0x26, 
0x0C, 0x4D, 0x0D, 0x4C, 0x64, 0x1B, 0xA4, 0x10, 0xA6, 0x42, 0x09, 0xD1, 
0x00, 0xF0, 0xE4, 0xFE, 0x00, 0x26, 0x0A, 0x4D, 0x0A, 0x4C, 0x64, 0x1B, 
0xA4, 0x10, 0xA6, 0x42, 0x05, 0xD1, 0x70, 0xBD, 0x55, 0xF8, 0x04, 0x3B, 
0x98, 0x47, 0x01, 0x36, 0xEE, 0xE7, 0x55, 0xF8, 0x04, 0x3B, 0x98, 0x47, 
0x01, 0x36, 0xF2, 0xE7, 0x5C, 0xA3, 0x00, 0x08, 0x5C, 0xA3, 0x00, 0x08, 
0x5C, 0xA3, 0x00, 0x08, 0x60, 0xA3, 0x00, 0x08, 0x70, 0x47, 0x70, 0x47, 
0x70, 0x47, 0x0A, 0x44, 0x91, 0x42, 0x00, 0xF1, 0xFF, 0x33, 0x00, 0xD1, 
0x70, 0x47, 0x10, 0xB5, 0x11, 0xF8, 0x01, 0x4B, 0x91, 0x42, 0x03, 0xF8, 
0x01, 0x4F, 0xF9, 0xD1, 0x10, 0xBD, 0x00, 0x00, 0x38, 0xB5, 0x05, 0x46, 
0x00, 0x29, 0x40, 0xD0, 0x51, 0xF8, 0x04, 0x3C, 0x0C, 0x1F, 0x00, 0x2B, 
0xB8, 0xBF, 0xE4, 0x18, 0x00, 0xF0, 0xDE, 0xF8, 0x1C, 0x4A, 0x13, 0x68, 
0x33, 0xB9, 0x63, 0x60, 0x14, 0x60, 0x28, 0x46, 0xBD, 0xE8, 0x38, 0x40, 
0x00, 0xF0, 0xDA, 0xB8, 0xA3, 0x42, 0x08, 0xD9, 0x20, 0x68, 0x21, 0x18, 
0x8B, 0x42, 0x01, 0xBF, 0x19, 0x68, 0x5B, 0x68, 0x09, 0x18, 0x21, 0x60, 
0xED, 0xE7, 0x1A, 0x46, 0x5B, 0x68, 0x0B, 0xB1, 0xA3, 0x42, 0xFA, 0xD9, 
0x11, 0x68, 0x50, 0x18, 0xA0, 0x42, 0x0B, 0xD1, 0x20, 0x68, 0x01, 0x44, 
0x50, 0x18, 0x83, 0x42, 0x11, 0x60, 0xE0, 0xD1, 0x18, 0x68, 0x5B, 0x68, 
0x08, 0x44, 0x10, 0x60, 0x53, 0x60, 0xDA, 0xE7, 0x02, 0xD9, 0x0C, 0x23, 
0x2B, 0x60, 0xD6, 0xE7, 0x20, 0x68, 0x21, 0x18, 0x8B, 0x42, 0x01, 0xBF, 
0x19, 0x68, 0x5B, 0x68, 0x09, 0x18, 0x21, 0x60, 0x63, 0x60, 0x54, 0x60, 
0xCB, 0xE7, 0x38, 0xBD, 0x68, 0x11, 0x00, 0x20, 0x70, 0xB5, 0x0F, 0x4E, 
0x0C, 0x46, 0x31, 0x68, 0x05, 0x46, 0x11, 0xB9, 0x00, 0xF0, 0x14, 0xFE, 
0x30, 0x60, 0x21, 0x46, 0x28, 0x46, 0x00, 0xF0, 0x0F, 0xFE, 0x43, 0x1C, 
0x03, 0xD1, 0x4F, 0xF0, 0xFF, 0x34, 0x20, 0x46, 0x70, 0xBD, 0xC4, 0x1C, 
0x24, 0xF0, 0x03, 0x04, 0xA0, 0x42, 0xF8, 0xD0, 0x21, 0x1A, 0x28, 0x46, 
0x00, 0xF0, 0x00, 0xFE, 0x01, 0x30, 0xF2, 0xD1, 0xEF, 0xE7, 0x00, 0xBF, 
0x64, 0x11, 0x00, 0x20, 0x2D, 0xE9, 0xF8, 0x43, 0xCD, 0x1C, 0x25, 0xF0, 
0x03, 0x05, 0x08, 0x35, 0x0C, 0x2D, 0x38, 0xBF, 0x0C, 0x25, 0x00, 0x2D, 
0x06, 0x46, 0x01, 0xDB, 0xA9, 0x42, 0x04, 0xD9, 0x0C, 0x23, 0x33, 0x60, 
0x00, 0x20, 0xBD, 0xE8, 0xF8, 0x83, 0xDF, 0xF8, 0xD4, 0x80, 0x00, 0xF0, 
0x69, 0xF8, 0xD8, 0xF8, 0x00, 0x30, 0x1C, 0x46, 0x44, 0xBB, 0x29, 0x46, 
0x30, 0x46, 0xFF, 0xF7, 0xBF, 0xFF, 0x43, 0x1C, 0x04, 0x46, 0x58, 0xD1, 
0xD8, 0xF8, 0x00, 0x40, 0x27, 0x46, 0x00, 0x2F, 0x43, 0xD1, 0x00, 0x2C, 
0x4B, 0xD0, 0x23, 0x68, 0x39, 0x46, 0x30, 0x46, 0x04, 0xEB, 0x03, 0x09, 
0x00, 0xF0, 0xCA, 0xFD, 0x81, 0x45, 0x42, 0xD1, 0x21, 0x68, 0x30, 0x46, 
0x6D, 0x1A, 0x29, 0x46, 0xFF, 0xF7, 0xA6, 0xFF, 0x01, 0x30, 0x3A, 0xD0, 
0x23, 0x68, 0x2B, 0x44, 0x23, 0x60, 0xD8, 0xF8, 0x00, 0x30, 0x5A, 0x68, 
0x62, 0xBB, 0xC8, 0xF8, 0x00, 0x70, 0x0F, 0xE0, 0x22, 0x68, 0x52, 0x1B, 
0x20, 0xD4, 0x0B, 0x2A, 0x17, 0xD9, 0x61, 0x19, 0xA3, 0x42, 0x25, 0x60, 
0x18, 0xBF, 0x59, 0x60, 0x63, 0x68, 0x08, 0xBF, 0xC8, 0xF8, 0x00, 0x10, 
0x62, 0x51, 0x4B, 0x60, 0x30, 0x46, 0x00, 0xF0, 0x2F, 0xF8, 0x04, 0xF1, 
0x0B, 0x00, 0x23, 0x1D, 0x20, 0xF0, 0x07, 0x00, 0xC2, 0x1A, 0x1C, 0xBF, 
0x1B, 0x1A, 0xA3, 0x50, 0xAF, 0xE7, 0x62, 0x68, 0xA3, 0x42, 0x0C, 0xBF, 
0xC8, 0xF8, 0x00, 0x20, 0x5A, 0x60, 0xEB, 0xE7, 0x23, 0x46, 0x64, 0x68, 
0xAE, 0xE7, 0x3C, 0x46, 0x7F, 0x68, 0xB6, 0xE7, 0x1A, 0x46, 0x5B, 0x68, 
0xA3, 0x42, 0xFB, 0xD1, 0x00, 0x23, 0x53, 0x60, 0xDE, 0xE7, 0x0C, 0x23, 
0x30, 0x46, 0x33, 0x60, 0x00, 0xF0, 0x0C, 0xF8, 0x94, 0xE7, 0x05, 0x60, 
0xD6, 0xE7, 0x00, 0xBF, 0x68, 0x11, 0x00, 0x20, 0x01, 0x48, 0xFF, 0xF7, 
0x02, 0xBF, 0x00, 0xBF, 0x60, 0x11, 0x00, 0x20, 0x01, 0x48, 0xFF, 0xF7, 
0xFD, 0xBE, 0x00, 0xBF, 0x60, 0x11, 0x00, 0x20, 0x2D, 0xE9, 0xF0, 0x47, 
0x1F, 0x46, 0x8E, 0x68, 0x82, 0x46, 0xBE, 0x42, 0x0C, 0x46, 0x90, 0x46, 
0x0B, 0x68, 0x2D, 0xD8, 0xB1, 0xF9, 0x0C, 0x20, 0x12, 0xF4, 0x90, 0x6F, 
0x26, 0xD0, 0x65, 0x69, 0x09, 0x69, 0x05, 0xEB, 0x45, 0x05, 0xA3, 0xEB, 
0x01, 0x09, 0x05, 0xEB, 0xD5, 0x75, 0x7B, 0x1C, 0x4B, 0x44, 0x6D, 0x10, 
0x9D, 0x42, 0x38, 0xBF, 0x1D, 0x46, 0x53, 0x05, 0x27, 0xD5, 0x29, 0x46, 
0xFF, 0xF7, 0x52, 0xFF, 0x06, 0x46, 0x60, 0xB3, 0x4A, 0x46, 0x21, 0x69, 
0xFF, 0xF7, 0xD3, 0xFE, 0xA3, 0x89, 0x23, 0xF4, 0x90, 0x63, 0x43, 0xF0, 
0x80, 0x03, 0xA3, 0x81, 0x26, 0x61, 0x4E, 0x44, 0x26, 0x60, 0x3E, 0x46, 
0x65, 0x61, 0xA5, 0xEB, 0x09, 0x05, 0xA5, 0x60, 0xBE, 0x42, 0x00, 0xD9, 
0x3E, 0x46, 0x32, 0x46, 0x41, 0x46, 0x20, 0x68, 0x00, 0xF0, 0xF3, 0xFC, 
0x00, 0x20, 0xA3, 0x68, 0x9B, 0x1B, 0xA3, 0x60, 0x23, 0x68, 0x33, 0x44, 
0x23, 0x60, 0xBD, 0xE8, 0xF0, 0x87, 0x2A, 0x46, 0x00, 0xF0, 0x42, 0xFD, 
0x06, 0x46, 0x00, 0x28, 0xE0, 0xD1, 0x50, 0x46, 0x21, 0x69, 0xFF, 0xF7, 
0xB9, 0xFE, 0x0C, 0x23, 0xCA, 0xF8, 0x00, 0x30, 0xA3, 0x89, 0x4F, 0xF0, 
0xFF, 0x30, 0x43, 0xF0, 0x40, 0x03, 0xA3, 0x81, 0xE9, 0xE7, 0x00, 0x00, 
0x2D, 0xE9, 0xF0, 0x4F, 0x98, 0x46, 0x8B, 0x89, 0x07, 0x46, 0x1B, 0x06, 
0x0D, 0x46, 0x14, 0x46, 0x9D, 0xB0, 0x10, 0xD5, 0x0B, 0x69, 0x73, 0xB9, 
0x40, 0x21, 0xFF, 0xF7, 0x09, 0xFF, 0x28, 0x60, 0x28, 0x61, 0x30, 0xB9, 
0x0C, 0x23, 0x3B, 0x60, 0x4F, 0xF0, 0xFF, 0x30, 0x1D, 0xB0, 0xBD, 0xE8, 
0xF0, 0x8F, 0x40, 0x23, 0x6B, 0x61, 0x00, 0x23, 0x09, 0x93, 0x20, 0x23, 
0x8D, 0xF8, 0x29, 0x30, 0x30, 0x23, 0x4F, 0xF0, 0x01, 0x09, 0xCD, 0xF8, 
0x0C, 0x80, 0xDF, 0xF8, 0x98, 0x81, 0x8D, 0xF8, 0x2A, 0x30, 0x23, 0x46, 
0x9A, 0x46, 0x13, 0xF8, 0x01, 0x2B, 0x0A, 0xB1, 0x25, 0x2A, 0xF9, 0xD1, 
0xBA, 0xEB, 0x04, 0x0B, 0x0B, 0xD0, 0x5B, 0x46, 0x22, 0x46, 0x29, 0x46, 
0x38, 0x46, 0xFF, 0xF7, 0x6B, 0xFF, 0x01, 0x30, 0x00, 0xF0, 0xA7, 0x80, 
0x09, 0x9A, 0x5A, 0x44, 0x09, 0x92, 0x9A, 0xF8, 0x00, 0x30, 0x00, 0x2B, 
0x00, 0xF0, 0x9F, 0x80, 0x00, 0x23, 0x4F, 0xF0, 0xFF, 0x32, 0xCD, 0xE9, 
0x05, 0x23, 0x0A, 0xF1, 0x01, 0x0A, 0x04, 0x93, 0x07, 0x93, 0x8D, 0xF8, 
0x53, 0x30, 0x1A, 0x93, 0x54, 0x46, 0x05, 0x22, 0x14, 0xF8, 0x01, 0x1B, 
0x4E, 0x48, 0x00, 0xF0, 0xCB, 0xFC, 0x04, 0x9A, 0xD8, 0xB9, 0xD0, 0x06, 
0x44, 0xBF, 0x20, 0x23, 0x8D, 0xF8, 0x53, 0x30, 0x11, 0x07, 0x44, 0xBF, 
0x2B, 0x23, 0x8D, 0xF8, 0x53, 0x30, 0x9A, 0xF8, 0x00, 0x30, 0x2A, 0x2B, 
0x15, 0xD0, 0x54, 0x46, 0x00, 0x20, 0x4F, 0xF0, 0x0A, 0x0C, 0x07, 0x9A, 
0x21, 0x46, 0x11, 0xF8, 0x01, 0x3B, 0x30, 0x3B, 0x09, 0x2B, 0x4B, 0xD9, 
0xB0, 0xB1, 0x07, 0x92, 0x14, 0xE0, 0xA0, 0xEB, 0x08, 0x03, 0x09, 0xFA, 
0x03, 0xF3, 0x13, 0x43, 0xA2, 0x46, 0x04, 0x93, 0xD2, 0xE7, 0x03, 0x9B, 
0x19, 0x1D, 0x1B, 0x68, 0x03, 0x91, 0x00, 0x2B, 0xBB, 0xBF, 0x5B, 0x42, 
0x42, 0xF0, 0x02, 0x02, 0x07, 0x93, 0x07, 0x93, 0xB8, 0xBF, 0x04, 0x92, 
0x23, 0x78, 0x2E, 0x2B, 0x0A, 0xD1, 0x63, 0x78, 0x2A, 0x2B, 0x32, 0xD1, 
0x03, 0x9B, 0x02, 0x34, 0x1A, 0x1D, 0x1B, 0x68, 0x03, 0x92, 0x43, 0xEA, 
0xE3, 0x73, 0x05, 0x93, 0xDF, 0xF8, 0xB4, 0xA0, 0x03, 0x22, 0x50, 0x46, 
0x21, 0x78, 0x00, 0xF0, 0x83, 0xFC, 0x38, 0xB1, 0x40, 0x22, 0x04, 0x9B, 
0xA0, 0xEB, 0x0A, 0x00, 0x82, 0x40, 0x13, 0x43, 0x01, 0x34, 0x04, 0x93, 
0x14, 0xF8, 0x01, 0x1B, 0x06, 0x22, 0x25, 0x48, 0x8D, 0xF8, 0x28, 0x10, 
0x00, 0xF0, 0x72, 0xFC, 0x00, 0x28, 0x36, 0xD0, 0x22, 0x4B, 0x1B, 0xBB, 
0x03, 0x9B, 0x07, 0x33, 0x23, 0xF0, 0x07, 0x03, 0x08, 0x33, 0x03, 0x93, 
0x09, 0x9B, 0x33, 0x44, 0x09, 0x93, 0x6A, 0xE7, 0x0C, 0x46, 0x01, 0x20, 
0x0C, 0xFB, 0x02, 0x32, 0xA8, 0xE7, 0x00, 0x23, 0x4F, 0xF0, 0x0A, 0x0C, 
0x19, 0x46, 0x01, 0x34, 0x05, 0x93, 0x20, 0x46, 0x10, 0xF8, 0x01, 0x2B, 
0x30, 0x3A, 0x09, 0x2A, 0x03, 0xD9, 0x00, 0x2B, 0xC6, 0xD0, 0x05, 0x91, 
0xC4, 0xE7, 0x04, 0x46, 0x01, 0x23, 0x0C, 0xFB, 0x01, 0x21, 0xF0, 0xE7, 
0x03, 0xAB, 0x00, 0x93, 0x2A, 0x46, 0x38, 0x46, 0x0E, 0x4B, 0x04, 0xA9, 
0xAF, 0xF3, 0x00, 0x80, 0x42, 0x1C, 0x06, 0x46, 0xD6, 0xD1, 0xAB, 0x89, 
0x5B, 0x06, 0x3F, 0xF5, 0x2D, 0xAF, 0x09, 0x98, 0x2C, 0xE7, 0x03, 0xAB, 
0x00, 0x93, 0x2A, 0x46, 0x38, 0x46, 0x06, 0x4B, 0x04, 0xA9, 0x00, 0xF0, 
0xBD, 0xF9, 0xED, 0xE7, 0x1E, 0xA3, 0x00, 0x08, 0x24, 0xA3, 0x00, 0x08, 
0x28, 0xA3, 0x00, 0x08, 0x00, 0x00, 0x00, 0x00, 0x4D, 0x8F, 0x00, 0x08, 
0x93, 0x68, 0x10, 0xB4, 0x01, 0x3B, 0x00, 0x2B, 0x93, 0x60, 0x07, 0xDA, 
0x94, 0x69, 0xA3, 0x42, 0x01, 0xDB, 0x0A, 0x29, 0x02, 0xD1, 0x10, 0xBC, 
0xFF, 0xF7, 0x3F, 0xBC, 0x13, 0x68, 0x58, 0x1C, 0x10, 0x60, 0x19, 0x70, 
0x08, 0x46, 0x10, 0xBC, 0x70, 0x47, 0xF8, 0xB5, 0x06, 0x46, 0x0F, 0x46, 
0x14, 0x46, 0xD5, 0x18, 0xAC, 0x42, 0x01, 0xD1, 0x00, 0x20, 0x07, 0xE0, 
0x3A, 0x46, 0x30, 0x46, 0x14, 0xF8, 0x01, 0x1B, 0xFF, 0xF7, 0xDC, 0xFF, 
0x43, 0x1C, 0xF3, 0xD1, 0xF8, 0xBD, 0x00, 0x00, 0x2D, 0xE9, 0xF0, 0x4F, 
0x0D, 0x46, 0x14, 0x46, 0x98, 0x46, 0x06, 0x46, 0x9D, 0xB0, 0x18, 0xB1, 
0x03, 0x6A, 0x0B, 0xB9, 0xFF, 0xF7, 0xFA, 0xFA, 0x6B, 0x6E, 0xD9, 0x07, 
0x05, 0xD4, 0xAB, 0x89, 0x9A, 0x05, 0x02, 0xD4, 0xA8, 0x6D, 0xFF, 0xF7, 
0x64, 0xFD, 0xAB, 0x89, 0x1B, 0x07, 0x01, 0xD5, 0x2B, 0x69, 0x9B, 0xB9, 
0x29, 0x46, 0x30, 0x46, 0xFF, 0xF7, 0x46, 0xFC, 0x70, 0xB1, 0x6B, 0x6E, 
0xDC, 0x07, 0x04, 0xD5, 0x4F, 0xF0, 0xFF, 0x30, 0x1D, 0xB0, 0xBD, 0xE8, 
0xF0, 0x8F, 0xAB, 0x89, 0x98, 0x05, 0xF7, 0xD4, 0xA8, 0x6D, 0xFF, 0xF7, 
0x4D, 0xFD, 0xF3, 0xE7, 0x00, 0x23, 0x09, 0x93, 0x20, 0x23, 0x8D, 0xF8, 
0x29, 0x30, 0x30, 0x23, 0x4F, 0xF0, 0x01, 0x09, 0xCD, 0xF8, 0x0C, 0x80, 
0xDF, 0xF8, 0xA8, 0x81, 0x8D, 0xF8, 0x2A, 0x30, 0x23, 0x46, 0x9A, 0x46, 
0x13, 0xF8, 0x01, 0x2B, 0x0A, 0xB1, 0x25, 0x2A, 0xF9, 0xD1, 0xBA, 0xEB, 
0x04, 0x0B, 0x0B, 0xD0, 0x5B, 0x46, 0x22, 0x46, 0x29, 0x46, 0x30, 0x46, 
0xFF, 0xF7, 0xA1, 0xFF, 0x01, 0x30, 0x00, 0xF0, 0xA7, 0x80, 0x09, 0x9A, 
0x5A, 0x44, 0x09, 0x92, 0x9A, 0xF8, 0x00, 0x30, 0x00, 0x2B, 0x00, 0xF0, 
0x9F, 0x80, 0x00, 0x23, 0x4F, 0xF0, 0xFF, 0x32, 0xCD, 0xE9, 0x05, 0x23, 
0x0A, 0xF1, 0x01, 0x0A, 0x04, 0x93, 0x07, 0x93, 0x8D, 0xF8, 0x53, 0x30, 
0x1A, 0x93, 0x54, 0x46, 0x05, 0x22, 0x14, 0xF8, 0x01, 0x1B, 0x53, 0x48, 
0x00, 0xF0, 0x94, 0xFB, 0x04, 0x9A, 0xD8, 0xB9, 0xD1, 0x06, 0x44, 0xBF, 
0x20, 0x23, 0x8D, 0xF8, 0x53, 0x30, 0x13, 0x07, 0x44, 0xBF, 0x2B, 0x23, 
0x8D, 0xF8, 0x53, 0x30, 0x9A, 0xF8, 0x00, 0x30, 0x2A, 0x2B, 0x15, 0xD0, 
0x54, 0x46, 0x00, 0x20, 0x4F, 0xF0, 0x0A, 0x0C, 0x07, 0x9A, 0x21, 0x46, 
0x11, 0xF8, 0x01, 0x3B, 0x30, 0x3B, 0x09, 0x2B, 0x4B, 0xD9, 0xB0, 0xB1, 
0x07, 0x92, 0x14, 0xE0, 0xA0, 0xEB, 0x08, 0x03, 0x09, 0xFA, 0x03, 0xF3, 
0x13, 0x43, 0xA2, 0x46, 0x04, 0x93, 0xD2, 0xE7, 0x03, 0x9B, 0x19, 0x1D, 
0x1B, 0x68, 0x03, 0x91, 0x00, 0x2B, 0xBB, 0xBF, 0x5B, 0x42, 0x42, 0xF0, 
0x02, 0x02, 0x07, 0x93, 0x07, 0x93, 0xB8, 0xBF, 0x04, 0x92, 0x23, 0x78, 
0x2E, 0x2B, 0x0A, 0xD1, 0x63, 0x78, 0x2A, 0x2B, 0x32, 0xD1, 0x03, 0x9B, 
0x02, 0x34, 0x1A, 0x1D, 0x1B, 0x68, 0x03, 0x92, 0x43, 0xEA, 0xE3, 0x73, 
0x05, 0x93, 0xDF, 0xF8, 0xC8, 0xA0, 0x03, 0x22, 0x50, 0x46, 0x21, 0x78, 
0x00, 0xF0, 0x4C, 0xFB, 0x38, 0xB1, 0x40, 0x22, 0x04, 0x9B, 0xA0, 0xEB, 
0x0A, 0x00, 0x82, 0x40, 0x13, 0x43, 0x01, 0x34, 0x04, 0x93, 0x14, 0xF8, 
0x01, 0x1B, 0x06, 0x22, 0x29, 0x48, 0x8D, 0xF8, 0x28, 0x10, 0x00, 0xF0, 
0x3B, 0xFB, 0x00, 0x28, 0x3F, 0xD0, 0x27, 0x4B, 0x1B, 0xBB, 0x03, 0x9B, 
0x07, 0x33, 0x23, 0xF0, 0x07, 0x03, 0x08, 0x33, 0x03, 0x93, 0x09, 0x9B, 
0x3B, 0x44, 0x09, 0x93, 0x6A, 0xE7, 0x0C, 0x46, 0x01, 0x20, 0x0C, 0xFB, 
0x02, 0x32, 0xA8, 0xE7, 0x00, 0x23, 0x4F, 0xF0, 0x0A, 0x0C, 0x19, 0x46, 
0x01, 0x34, 0x05, 0x93, 0x20, 0x46, 0x10, 0xF8, 0x01, 0x2B, 0x30, 0x3A, 
0x09, 0x2A, 0x03, 0xD9, 0x00, 0x2B, 0xC6, 0xD0, 0x05, 0x91, 0xC4, 0xE7, 
0x04, 0x46, 0x01, 0x23, 0x0C, 0xFB, 0x01, 0x21, 0xF0, 0xE7, 0x03, 0xAB, 
0x00, 0x93, 0x2A, 0x46, 0x30, 0x46, 0x13, 0x4B, 0x04, 0xA9, 0xAF, 0xF3, 
0x00, 0x80, 0x07, 0x46, 0x78, 0x1C, 0xD6, 0xD1, 0x6B, 0x6E, 0xD9, 0x07, 
0x05, 0xD4, 0xAB, 0x89, 0x9A, 0x05, 0x02, 0xD4, 0xA8, 0x6D, 0xFF, 0xF7, 
0x7B, 0xFC, 0xAB, 0x89, 0x5B, 0x06, 0x3F, 0xF5, 0x1F, 0xAF, 0x09, 0x98, 
0x1E, 0xE7, 0x03, 0xAB, 0x00, 0x93, 0x2A, 0x46, 0x30, 0x46, 0x06, 0x4B, 
0x04, 0xA9, 0x00, 0xF0, 0x7D, 0xF8, 0xE4, 0xE7, 0x1E, 0xA3, 0x00, 0x08, 
0x24, 0xA3, 0x00, 0x08, 0x28, 0xA3, 0x00, 0x08, 0x00, 0x00, 0x00, 0x00, 
0x27, 0x92, 0x00, 0x08, 0x2D, 0xE9, 0xF0, 0x47, 0x16, 0x46, 0x98, 0x46, 
0x8A, 0x68, 0x0B, 0x69, 0x07, 0x46, 0x93, 0x42, 0xB8, 0xBF, 0x13, 0x46, 
0x33, 0x60, 0x91, 0xF8, 0x43, 0x20, 0x0C, 0x46, 0xDD, 0xF8, 0x20, 0x90, 
0x0A, 0xB1, 0x01, 0x33, 0x33, 0x60, 0x23, 0x68, 0x99, 0x06, 0x42, 0xBF, 
0x33, 0x68, 0x02, 0x33, 0x33, 0x60, 0x25, 0x68, 0x15, 0xF0, 0x06, 0x05, 
0x06, 0xD1, 0x04, 0xF1, 0x19, 0x0A, 0xE3, 0x68, 0x32, 0x68, 0x9B, 0x1A, 
0xAB, 0x42, 0x2B, 0xDC, 0x94, 0xF8, 0x43, 0x30, 0x22, 0x68, 0x00, 0x3B, 
0x18, 0xBF, 0x01, 0x23, 0x92, 0x06, 0x30, 0xD4, 0x41, 0x46, 0x38, 0x46, 
0x04, 0xF1, 0x43, 0x02, 0xC8, 0x47, 0x01, 0x30, 0x23, 0xD0, 0x23, 0x68, 
0x22, 0x69, 0x03, 0xF0, 0x06, 0x03, 0x04, 0x2B, 0x14, 0xBF, 0x00, 0x25, 
0x33, 0x68, 0x4F, 0xF0, 0x00, 0x06, 0x08, 0xBF, 0xE5, 0x68, 0x04, 0xF1, 
0x1A, 0x04, 0x08, 0xBF, 0xED, 0x1A, 0x54, 0xF8, 0x12, 0x3C, 0x08, 0xBF, 
0x25, 0xEA, 0xE5, 0x75, 0x93, 0x42, 0xC4, 0xBF, 0x9B, 0x1A, 0xED, 0x18, 
0xB5, 0x42, 0x1A, 0xD1, 0x00, 0x20, 0x08, 0xE0, 0x01, 0x23, 0x52, 0x46, 
0x41, 0x46, 0x38, 0x46, 0xC8, 0x47, 0x01, 0x30, 0x03, 0xD1, 0x4F, 0xF0, 
0xFF, 0x30, 0xBD, 0xE8, 0xF0, 0x87, 0x01, 0x35, 0xC1, 0xE7, 0x30, 0x20, 
0xE1, 0x18, 0x81, 0xF8, 0x43, 0x00, 0x5A, 0x1C, 0x94, 0xF8, 0x45, 0x10, 
0x22, 0x44, 0x02, 0x33, 0x82, 0xF8, 0x43, 0x10, 0xC2, 0xE7, 0x01, 0x23, 
0x22, 0x46, 0x41, 0x46, 0x38, 0x46, 0xC8, 0x47, 0x01, 0x30, 0xE6, 0xD0, 
0x01, 0x36, 0xD9, 0xE7, 0x2D, 0xE9, 0xFF, 0x47, 0x0F, 0x7E, 0x91, 0x46, 
0x78, 0x2F, 0x80, 0x46, 0x0C, 0x46, 0x9A, 0x46, 0x0C, 0x9E, 0x01, 0xF1, 
0x43, 0x02, 0x07, 0xD8, 0x62, 0x2F, 0x0A, 0xD8, 0x00, 0x2F, 0x00, 0xF0, 
0xD1, 0x80, 0x58, 0x2F, 0x00, 0xF0, 0xB8, 0x80, 0x04, 0xF1, 0x42, 0x06, 
0x84, 0xF8, 0x42, 0x70, 0x3A, 0xE0, 0xA7, 0xF1, 0x63, 0x03, 0x15, 0x2B, 
0xF6, 0xD8, 0x01, 0xA1, 0x51, 0xF8, 0x23, 0xF0, 0xF9, 0x95, 0x00, 0x08, 
0x0D, 0x96, 0x00, 0x08, 0x89, 0x95, 0x00, 0x08, 0x89, 0x95, 0x00, 0x08, 
0x89, 0x95, 0x00, 0x08, 0x89, 0x95, 0x00, 0x08, 0x0D, 0x96, 0x00, 0x08, 
0x89, 0x95, 0x00, 0x08, 0x89, 0x95, 0x00, 0x08, 0x89, 0x95, 0x00, 0x08, 
0x89, 0x95, 0x00, 0x08, 0x0B, 0x97, 0x00, 0x08, 0x37, 0x96, 0x00, 0x08, 
0xC5, 0x96, 0x00, 0x08, 0x89, 0x95, 0x00, 0x08, 0x89, 0x95, 0x00, 0x08, 
0x2D, 0x97, 0x00, 0x08, 0x89, 0x95, 0x00, 0x08, 0x37, 0x96, 0x00, 0x08, 
0x89, 0x95, 0x00, 0x08, 0x89, 0x95, 0x00, 0x08, 0xCD, 0x96, 0x00, 0x08, 
0x33, 0x68, 0x1A, 0x1D, 0x1B, 0x68, 0x32, 0x60, 0x04, 0xF1, 0x42, 0x06, 
0x84, 0xF8, 0x42, 0x30, 0x01, 0x23, 0x9C, 0xE0, 0x33, 0x68, 0x20, 0x68, 
0x19, 0x1D, 0x31, 0x60, 0x06, 0x06, 0x01, 0xD5, 0x1D, 0x68, 0x03, 0xE0, 
0x45, 0x06, 0xFB, 0xD5, 0xB3, 0xF9, 0x00, 0x50, 0x00, 0x2D, 0x03, 0xDA, 
0x2D, 0x23, 0x6D, 0x42, 0x84, 0xF8, 0x43, 0x30, 0x0A, 0x23, 0x58, 0x48, 
0x11, 0xE0, 0x21, 0x68, 0x33, 0x68, 0x08, 0x06, 0x53, 0xF8, 0x04, 0x5B, 
0x02, 0xD4, 0x49, 0x06, 0x48, 0xBF, 0xAD, 0xB2, 0x6F, 0x2F, 0x33, 0x60, 
0x14, 0xBF, 0x0A, 0x23, 0x08, 0x23, 0x50, 0x48, 0x00, 0x21, 0x84, 0xF8, 
0x43, 0x10, 0x66, 0x68, 0x00, 0x2E, 0xA6, 0x60, 0x05, 0xDB, 0x21, 0x68, 
0x2E, 0x43, 0x21, 0xF0, 0x04, 0x01, 0x21, 0x60, 0x4B, 0xD0, 0x16, 0x46, 
0xB5, 0xFB, 0xF3, 0xF1, 0x03, 0xFB, 0x11, 0x57, 0xC7, 0x5D, 0x06, 0xF8, 
0x01, 0x7D, 0x2F, 0x46, 0xBB, 0x42, 0x0D, 0x46, 0xF4, 0xD9, 0x08, 0x2B, 
0x0B, 0xD1, 0x23, 0x68, 0xDF, 0x07, 0x08, 0xD5, 0x23, 0x69, 0x61, 0x68, 
0x99, 0x42, 0xDE, 0xBF, 0x30, 0x23, 0x06, 0xF8, 0x01, 0x3C, 0x06, 0xF1, 
0xFF, 0x36, 0x92, 0x1B, 0x22, 0x61, 0x4B, 0x46, 0x21, 0x46, 0x40, 0x46, 
0xCD, 0xF8, 0x00, 0xA0, 0x03, 0xAA, 0xFF, 0xF7, 0xE3, 0xFE, 0x01, 0x30, 
0x4A, 0xD1, 0x4F, 0xF0, 0xFF, 0x30, 0x04, 0xB0, 0xBD, 0xE8, 0xF0, 0x87, 
0x23, 0x68, 0x43, 0xF0, 0x20, 0x03, 0x23, 0x60, 0x78, 0x27, 0x32, 0x48, 
0x84, 0xF8, 0x45, 0x70, 0x23, 0x68, 0x31, 0x68, 0x1F, 0x06, 0x51, 0xF8, 
0x04, 0x5B, 0x02, 0xD4, 0x5F, 0x06, 0x48, 0xBF, 0xAD, 0xB2, 0x31, 0x60, 
0xD9, 0x07, 0x44, 0xBF, 0x43, 0xF0, 0x20, 0x03, 0x23, 0x60, 0x1D, 0xB1, 
0x10, 0x23, 0xAD, 0xE7, 0x26, 0x48, 0xE9, 0xE7, 0x23, 0x68, 0x23, 0xF0, 
0x20, 0x03, 0x23, 0x60, 0xF6, 0xE7, 0x16, 0x46, 0xBD, 0xE7, 0x33, 0x68, 
0x25, 0x68, 0x18, 0x1D, 0x61, 0x69, 0x30, 0x60, 0x2E, 0x06, 0x1B, 0x68, 
0x01, 0xD5, 0x19, 0x60, 0x02, 0xE0, 0x68, 0x06, 0xFB, 0xD5, 0x19, 0x80, 
0x00, 0x23, 0x16, 0x46, 0x23, 0x61, 0xBC, 0xE7, 0x33, 0x68, 0x00, 0x21, 
0x1A, 0x1D, 0x32, 0x60, 0x1E, 0x68, 0x62, 0x68, 0x30, 0x46, 0x00, 0xF0, 
0x85, 0xF9, 0x08, 0xB1, 0x80, 0x1B, 0x60, 0x60, 0x63, 0x68, 0x23, 0x61, 
0x00, 0x23, 0x84, 0xF8, 0x43, 0x30, 0xAA, 0xE7, 0x32, 0x46, 0x49, 0x46, 
0x40, 0x46, 0x23, 0x69, 0xD0, 0x47, 0x01, 0x30, 0xAD, 0xD0, 0x23, 0x68, 
0x9B, 0x07, 0x13, 0xD4, 0xE0, 0x68, 0x03, 0x9B, 0x98, 0x42, 0xB8, 0xBF, 
0x18, 0x46, 0xA6, 0xE7, 0x01, 0x23, 0x32, 0x46, 0x49, 0x46, 0x40, 0x46, 
0xD0, 0x47, 0x01, 0x30, 0x9D, 0xD0, 0x01, 0x35, 0xE3, 0x68, 0x03, 0x99, 
0x5B, 0x1A, 0xAB, 0x42, 0xF2, 0xDC, 0xEB, 0xE7, 0x00, 0x25, 0x04, 0xF1, 
0x19, 0x06, 0xF5, 0xE7, 0x2F, 0xA3, 0x00, 0x08, 0x40, 0xA3, 0x00, 0x08, 
0xB1, 0xF9, 0x0C, 0x20, 0xF8, 0xB5, 0x16, 0x07, 0x05, 0x46, 0x0C, 0x46, 
0x54, 0xD4, 0x4B, 0x68, 0x00, 0x2B, 0x02, 0xDC, 0x0B, 0x6C, 0x00, 0x2B, 
0x48, 0xDD, 0xE6, 0x6A, 0x00, 0x2E, 0x45, 0xD0, 0x00, 0x23, 0x12, 0xF4, 
0x80, 0x52, 0x2F, 0x68, 0x21, 0x6A, 0x2B, 0x60, 0x30, 0xD0, 0x62, 0x6D, 
0xA3, 0x89, 0x59, 0x07, 0x05, 0xD5, 0x63, 0x68, 0xD2, 0x1A, 0x63, 0x6B, 
0x0B, 0xB1, 0x23, 0x6C, 0xD2, 0x1A, 0x00, 0x23, 0x28, 0x46, 0xE6, 0x6A, 
0x21, 0x6A, 0xB0, 0x47, 0x43, 0x1C, 0xA3, 0x89, 0x06, 0xD1, 0x29, 0x68, 
0x1D, 0x29, 0x2B, 0xD8, 0x28, 0x4A, 0xCA, 0x40, 0xD6, 0x07, 0x27, 0xD5, 
0x00, 0x22, 0x62, 0x60, 0x22, 0x69, 0xD9, 0x04, 0x22, 0x60, 0x04, 0xD5, 
0x42, 0x1C, 0x01, 0xD1, 0x2B, 0x68, 0x03, 0xB9, 0x60, 0x65, 0x61, 0x6B, 
0x2F, 0x60, 0xB9, 0xB1, 0x04, 0xF1, 0x44, 0x03, 0x99, 0x42, 0x02, 0xD0, 
0x28, 0x46, 0xFF, 0xF7, 0x9D, 0xFA, 0x00, 0x23, 0x63, 0x63, 0x0D, 0xE0, 
0x01, 0x23, 0x28, 0x46, 0xB0, 0x47, 0x02, 0x46, 0x50, 0x1C, 0xC9, 0xD1, 
0x2B, 0x68, 0x00, 0x2B, 0xC6, 0xD0, 0x1D, 0x2B, 0x01, 0xD0, 0x16, 0x2B, 
0x1D, 0xD1, 0x2F, 0x60, 0x00, 0x20, 0x21, 0xE0, 0x43, 0xF0, 0x40, 0x03, 
0x1B, 0xB2, 0x1A, 0xE0, 0x0F, 0x69, 0x00, 0x2F, 0xF6, 0xD0, 0x93, 0x07, 
0x18, 0xBF, 0x00, 0x23, 0x0E, 0x68, 0x08, 0xBF, 0x4B, 0x69, 0xF6, 0x1B, 
0x0F, 0x60, 0x8B, 0x60, 0x00, 0x2E, 0xEB, 0xDD, 0x33, 0x46, 0x3A, 0x46, 
0x28, 0x46, 0x21, 0x6A, 0xD4, 0xF8, 0x28, 0xC0, 0xE0, 0x47, 0x00, 0x28, 
0x07, 0xDC, 0xB4, 0xF9, 0x0C, 0x30, 0x43, 0xF0, 0x40, 0x03, 0x4F, 0xF0, 
0xFF, 0x30, 0xA3, 0x81, 0xF8, 0xBD, 0x07, 0x44, 0x36, 0x1A, 0xE9, 0xE7, 
0x01, 0x00, 0x40, 0x20, 0x38, 0xB5, 0x0B, 0x69, 0x05, 0x46, 0x0C, 0x46, 
0x13, 0xB9, 0x00, 0x25, 0x28, 0x46, 0x38, 0xBD, 0x18, 0xB1, 0x03, 0x6A, 
0x0B, 0xB9, 0xFE, 0xF7, 0xD1, 0xFF, 0xB4, 0xF9, 0x0C, 0x30, 0x00, 0x2B, 
0xF3, 0xD0, 0x62, 0x6E, 0xD0, 0x07, 0x04, 0xD4, 0x99, 0x05, 0x02, 0xD4, 
0xA0, 0x6D, 0xFF, 0xF7, 0x38, 0xFA, 0x28, 0x46, 0x21, 0x46, 0xFF, 0xF7, 
0x63, 0xFF, 0x63, 0x6E, 0x05, 0x46, 0xDA, 0x07, 0xE4, 0xD4, 0xA3, 0x89, 
0x9B, 0x05, 0xE1, 0xD4, 0xA0, 0x6D, 0xFF, 0xF7, 0x2B, 0xFA, 0xDD, 0xE7, 
0x70, 0xB5, 0x0C, 0x46, 0xB1, 0xF9, 0x0E, 0x10, 0x15, 0x46, 0x00, 0x29, 
0x1E, 0x46, 0x96, 0xB0, 0x0C, 0xDA, 0xA3, 0x89, 0x00, 0x21, 0x13, 0xF0, 
0x80, 0x0F, 0x14, 0xBF, 0x40, 0x23, 0x4F, 0xF4, 0x80, 0x63, 0x00, 0x20, 
0x31, 0x60, 0x2B, 0x60, 0x16, 0xB0, 0x70, 0xBD, 0x6A, 0x46, 0x00, 0xF0, 
0x63, 0xF8, 0x00, 0x28, 0xED, 0xDB, 0x01, 0x99, 0x01, 0xF4, 0x70, 0x41, 
0xA1, 0xF5, 0x00, 0x53, 0x59, 0x42, 0x59, 0x41, 0x4F, 0xF4, 0x80, 0x63, 
0xEB, 0xE7, 0x8B, 0x89, 0xF7, 0xB5, 0x9D, 0x07, 0x06, 0x46, 0x0C, 0x46, 
0x07, 0xD5, 0x04, 0xF1, 0x47, 0x03, 0x23, 0x60, 0x23, 0x61, 0x01, 0x23, 
0x63, 0x61, 0x03, 0xB0, 0xF0, 0xBD, 0x6A, 0x46, 0x01, 0xAB, 0xFF, 0xF7, 
0xC9, 0xFF, 0x00, 0x9F, 0x05, 0x46, 0x39, 0x46, 0x30, 0x46, 0xFF, 0xF7, 
0x67, 0xFA, 0x48, 0xB9, 0xB4, 0xF9, 0x0C, 0x30, 0x9A, 0x05, 0xEE, 0xD4, 
0x23, 0xF0, 0x03, 0x03, 0x43, 0xF0, 0x02, 0x03, 0xA3, 0x81, 0xE2, 0xE7, 
0xA3, 0x89, 0xC4, 0xE9, 0x04, 0x07, 0x43, 0xF0, 0x80, 0x03, 0xA3, 0x81, 
0x01, 0x9B, 0x20, 0x60, 0x5B, 0xB1, 0x30, 0x46, 0xB4, 0xF9, 0x0E, 0x10, 
0x00, 0xF0, 0x38, 0xF8, 0x28, 0xB1, 0xA3, 0x89, 0x23, 0xF0, 0x03, 0x03, 
0x43, 0xF0, 0x01, 0x03, 0xA3, 0x81, 0xA3, 0x89, 0x1D, 0x43, 0xA5, 0x81, 
0xCF, 0xE7, 0x88, 0x42, 0x10, 0xB5, 0x01, 0xEB, 0x02, 0x04, 0x02, 0xD9, 
0x84, 0x42, 0x23, 0x46, 0x07, 0xD8, 0x43, 0x1E, 0xA1, 0x42, 0x08, 0xD0, 
0x11, 0xF8, 0x01, 0x2B, 0x03, 0xF8, 0x01, 0x2F, 0xF8, 0xE7, 0x01, 0x46, 
0x02, 0x44, 0x8A, 0x42, 0x00, 0xD1, 0x10, 0xBD, 0x13, 0xF8, 0x01, 0x4D, 
0x02, 0xF8, 0x01, 0x4D, 0xF7, 0xE7, 0x00, 0x00, 0x38, 0xB5, 0x00, 0x23, 
0x06, 0x4D, 0x04, 0x46, 0x08, 0x46, 0x11, 0x46, 0x2B, 0x60, 0xFC, 0xF7, 
0x57, 0xFA, 0x43, 0x1C, 0x02, 0xD1, 0x2B, 0x68, 0x03, 0xB1, 0x23, 0x60, 
0x38, 0xBD, 0x00, 0xBF, 0x5C, 0x11, 0x00, 0x20, 0x38, 0xB5, 0x00, 0x23, 
0x05, 0x4D, 0x04, 0x46, 0x08, 0x46, 0x2B, 0x60, 0xFC, 0xF7, 0x55, 0xFA, 
0x43, 0x1C, 0x02, 0xD1, 0x2B, 0x68, 0x03, 0xB1, 0x23, 0x60, 0x38, 0xBD, 
0x5C, 0x11, 0x00, 0x20, 0x38, 0xB5, 0x00, 0x23, 0x05, 0x4D, 0x04, 0x46, 
0x08, 0x46, 0x2B, 0x60, 0xFC, 0xF7, 0x5C, 0xFA, 0x43, 0x1C, 0x02, 0xD1, 
0x2B, 0x68, 0x03, 0xB1, 0x23, 0x60, 0x38, 0xBD, 0x5C, 0x11, 0x00, 0x20, 
0x03, 0x46, 0x10, 0xB5, 0xC9, 0xB2, 0x02, 0x44, 0x93, 0x42, 0x18, 0x46, 
0x01, 0xD1, 0x00, 0x20, 0x03, 0xE0, 0x04, 0x78, 0x01, 0x33, 0x8C, 0x42, 
0xF6, 0xD1, 0x10, 0xBD, 0x2D, 0xE9, 0xF0, 0x41, 0x07, 0x46, 0x14, 0x46, 
0x0D, 0x46, 0x21, 0xB9, 0x11, 0x46, 0xBD, 0xE8, 0xF0, 0x41, 0xFF, 0xF7, 
0xDD, 0xB9, 0x2A, 0xB9, 0xFF, 0xF7, 0x70, 0xF9, 0x25, 0x46, 0x28, 0x46, 
0xBD, 0xE8, 0xF0, 0x81, 0x00, 0xF0, 0x1A, 0xF8, 0x84, 0x42, 0x06, 0x46, 
0x02, 0xD8, 0xB4, 0xEB, 0x50, 0x0F, 0xF4, 0xD8, 0x21, 0x46, 0x38, 0x46, 
0xFF, 0xF7, 0xCA, 0xF9, 0x80, 0x46, 0x08, 0xB9, 0x45, 0x46, 0xEC, 0xE7, 
0xB4, 0x42, 0x22, 0x46, 0x29, 0x46, 0x28, 0xBF, 0x32, 0x46, 0xFF, 0xF7, 
0x46, 0xF9, 0x29, 0x46, 0x38, 0x46, 0xFF, 0xF7, 0x51, 0xF9, 0xF1, 0xE7, 
0x51, 0xF8, 0x04, 0x3C, 0x18, 0x1F, 0x00, 0x2B, 0xBC, 0xBF, 0x0B, 0x58, 
0xC0, 0x18, 0x70, 0x47, 0xF8, 0xB5, 0x00, 0xBF, 0xF8, 0xBC, 0x08, 0xBC, 
0x9E, 0x46, 0x70, 0x47, 0xF8, 0xB5, 0x00, 0xBF, 0xF8, 0xBC, 0x08, 0xBC, 
0x9E, 0x46, 0x70, 0x47, 0x5B, 0x55, 0x53, 0x45, 0x52, 0x5D, 0x20, 0x49, 
0x6E, 0x69, 0x74, 0x69, 0x61, 0x6C, 0x69, 0x7A, 0x69, 0x6E, 0x67, 0x20, 
0x45, 0x53, 0x50, 0x38, 0x32, 0x36, 0x36, 0x2E, 0x2E, 0x2E, 0x0D, 0x00, 
0x4F, 0x4B, 0x00, 0x00, 0x41, 0x54, 0x0D, 0x0A, 0x00, 0x00, 0x00, 0x00, 
0x41, 0x54, 0x45, 0x30, 0x0D, 0x0A, 0x00, 0x00, 0x5B, 0x55, 0x53, 0x45, 
0x52, 0x5D, 0x20, 0x45, 0x53, 0x50, 0x38, 0x32, 0x36, 0x36, 0x20, 0x49, 
0x6E, 0x69, 0x74, 0x69, 0x61, 0x6C, 0x69, 0x7A, 0x65, 0x64, 0x20, 0x53, 
0x75, 0x63, 0x63, 0x65, 0x73, 0x73, 0x66, 0x75, 0x6C, 0x6C, 0x79, 0x2E, 
0x2E, 0x2E, 0x0D, 0x00, 0x5B, 0x44, 0x45, 0x42, 0x55, 0x47, 0x5D, 0x20, 
0x53, 0x65, 0x6E, 0x64, 0x69, 0x6E, 0x67, 0x3A, 0x20, 0x25, 0x73, 0x0D, 
0x0A, 0x00, 0x00, 0x00, 0x5B, 0x44, 0x45, 0x42, 0x55, 0x47, 0x5D, 0x20, 
0x4D, 0x61, 0x74, 0x63, 0x68, 0x65, 0x64, 0x20, 0x41, 0x43, 0x4B, 0x3A, 
0x20, 0x25, 0x73, 0x0D, 0x0A, 0x00, 0x00, 0x00, 0x5B, 0x44, 0x45, 0x42, 
0x55, 0x47, 0x5D, 0x20, 0x54, 0x69, 0x6D, 0x65, 0x6F, 0x75, 0x74, 0x2E, 
0x20, 0x42, 0x75, 0x66, 0x66, 0x65, 0x72, 0x3A, 0x20, 0x25, 0x73, 0x0D, 
0x0A, 0x00, 0x00, 0x00, 0x5B, 0x55, 0x53, 0x45, 0x52, 0x5D, 0x20, 0x46, 
0x65, 0x74, 0x63, 0x68, 0x69, 0x6E, 0x67, 0x20, 0x49, 0x50, 0x20, 0x41, 
0x64, 0x64, 0x72, 0x65, 0x73, 0x73, 0x2E, 0x2E, 0x2E, 0x0D, 0x00, 0x00, 
0x41, 0x54, 0x2B, 0x43, 0x49, 0x46, 0x53, 0x52, 0x0D, 0x0A, 0x00, 0x00, 
0x5B, 0x44, 0x45, 0x42, 0x55, 0x47, 0x5D, 0x20, 0x43, 0x49, 0x46, 0x53, 
0x52, 0x20, 0x66, 0x61, 0x69, 0x6C, 0x65, 0x64, 0x20, 0x6F, 0x6E, 0x20, 
0x61, 0x74, 0x74, 0x65, 0x6D, 0x70, 0x74, 0x20, 0x25, 0x64, 0x0D, 0x0A, 
0x00, 0x00, 0x00, 0x00, 0x53, 0x54, 0x41, 0x49, 0x50, 0x2C, 0x22, 0x00, 
0x30, 0x2E, 0x30, 0x2E, 0x30, 0x2E, 0x30, 0x00, 0x5B, 0x44, 0x45, 0x42, 
0x55, 0x47, 0x5D, 0x20, 0x41, 0x74, 0x74, 0x65, 0x6D, 0x70, 0x74, 0x20, 
0x25, 0x64, 0x3A, 0x20, 0x49, 0x50, 0x20, 0x6E, 0x6F, 0x74, 0x20, 0x72, 
0x65, 0x61, 0x64, 0x79, 0x20, 0x79, 0x65, 0x74, 0x20, 0x28, 0x30, 0x2E, 
0x30, 0x2E, 0x30, 0x2E, 0x30, 0x29, 0x2E, 0x20, 0x52, 0x65, 0x74, 0x72, 
0x79, 0x69, 0x6E, 0x67, 0x2E, 0x2E, 0x2E, 0x0D, 0x0A, 0x00, 0x00, 0x00, 
0x5B, 0x55, 0x53, 0x45, 0x52, 0x5D, 0x20, 0x47, 0x6F, 0x74, 0x20, 0x49, 
0x50, 0x3A, 0x20, 0x25, 0x73, 0x0D, 0x0A, 0x00, 0x5B, 0x44, 0x45, 0x42, 
0x55, 0x47, 0x5D, 0x20, 0x41, 0x74, 0x74, 0x65, 0x6D, 0x70, 0x74, 0x20, 
0x25, 0x64, 0x3A, 0x20, 0x46, 0x61, 0x69, 0x6C, 0x65, 0x64, 0x20, 0x74, 
0x6F, 0x20, 0x70, 0x61, 0x72, 0x73, 0x65, 0x20, 0x53, 0x54, 0x41, 0x49, 
0x50, 0x2E, 0x0D, 0x0A, 0x00, 0x00, 0x00, 0x00, 0x5B, 0x55, 0x53, 0x45, 
0x52, 0x5D, 0x20, 0x46, 0x61, 0x69, 0x6C, 0x65, 0x64, 0x20, 0x74, 0x6F, 
0x20, 0x66, 0x65, 0x74, 0x63, 0x68, 0x20, 0x49, 0x50, 0x20, 0x61, 0x66, 
0x74, 0x65, 0x72, 0x20, 0x72, 0x65, 0x74, 0x72, 0x69, 0x65, 0x73, 0x2E, 
0x0D, 0x00, 0x00, 0x00, 0x41, 0x54, 0x2B, 0x43, 0x57, 0x4D, 0x4F, 0x44, 
0x45, 0x3D, 0x31, 0x0D, 0x0A, 0x00, 0x00, 0x00, 0x41, 0x54, 0x2B, 0x43, 
0x57, 0x4A, 0x41, 0x50, 0x3D, 0x22, 0x25, 0x73, 0x22, 0x2C, 0x22, 0x25, 
0x73, 0x22, 0x0D, 0x0A, 0x00, 0x00, 0x00, 0x00, 0x57, 0x49, 0x46, 0x49, 
0x20, 0x43, 0x4F, 0x4E, 0x4E, 0x45, 0x43, 0x54, 0x45, 0x44, 0x00, 0x00, 
0x5B, 0x55, 0x53, 0x45, 0x52, 0x5D, 0x20, 0x45, 0x52, 0x52, 0x4F, 0x52, 
0x3A, 0x20, 0x61, 0x64, 0x64, 0x72, 0x20, 0x30, 0x78, 0x25, 0x30, 0x38, 
0x6C, 0x58, 0x20, 0x6E, 0x6F, 0x74, 0x20, 0x65, 0x72, 0x61, 0x73, 0x65, 
0x64, 0x20, 0x62, 0x65, 0x66, 0x6F, 0x72, 0x65, 0x20, 0x77, 0x72, 0x69, 
0x74, 0x65, 0x21, 0x0D, 0x0A, 0x00, 0x00, 0x00, 0x5B, 0x55, 0x53, 0x45, 
0x52, 0x5D, 0x20, 0x43, 0x68, 0x65, 0x63, 0x6B, 0x20, 0x57, 0x32, 0x35, 
0x51, 0x5F, 0x45, 0x72, 0x61, 0x73, 0x65, 0x28, 0x29, 0x20, 0x46, 0x75, 
0x6E, 0x63, 0x74, 0x69, 0x6F, 0x6E, 0x20, 0x0A, 0x0A, 0x0D, 0x00, 0x00, 
0x5B, 0x55, 0x53, 0x45, 0x52, 0x5D, 0x20, 0x21, 0x21, 0x21, 0x20, 0x46, 
0x4C, 0x41, 0x53, 0x48, 0x20, 0x57, 0x52, 0x49, 0x54, 0x45, 0x20, 0x56, 
0x45, 0x52, 0x49, 0x46, 0x59, 0x20, 0x46, 0x41, 0x49, 0x4C, 0x45, 0x44, 
0x20, 0x61, 0x74, 0x20, 0x61, 0x64, 0x64, 0x72, 0x3D, 0x30, 0x78, 0x25, 
0x30, 0x38, 0x6C, 0x58, 0x2C, 0x20, 0x6C, 0x65, 0x6E, 0x3D, 0x25, 0x75, 
0x20, 0x21, 0x21, 0x21, 0x0A, 0x0D, 0x0A, 0x00, 0x5B, 0x55, 0x53, 0x45, 
0x52, 0x5D, 0x20, 0x46, 0x69, 0x72, 0x73, 0x74, 0x20, 0x6D, 0x69, 0x73, 
0x6D, 0x61, 0x74, 0x63, 0x68, 0x20, 0x61, 0x74, 0x20, 0x6F, 0x66, 0x66, 
0x73, 0x65, 0x74, 0x20, 0x25, 0x75, 0x3A, 0x20, 0x77, 0x72, 0x6F, 0x74, 
0x65, 0x20, 0x30, 0x78, 0x25, 0x30, 0x32, 0x58, 0x2C, 0x20, 0x72, 0x65, 
0x61, 0x64, 0x20, 0x30, 0x78, 0x25, 0x30, 0x32, 0x58, 0x0A, 0x0D, 0x0A, 
0x00, 0x00, 0x00, 0x00, 0x5B, 0x44, 0x45, 0x42, 0x55, 0x47, 0x5D, 0x20, 
0x52, 0x58, 0x3A, 0x20, 0x25, 0x75, 0x20, 0x62, 0x79, 0x74, 0x65, 0x73, 
0x0D, 0x0A, 0x00, 0x00, 0x43, 0x4C, 0x4F, 0x53, 0x45, 0x44, 0x00, 0x00, 
0x30, 0x2C, 0x43, 0x4C, 0x4F, 0x53, 0x45, 0x44, 0x00, 0x00, 0x00, 0x00, 
0x45, 0x52, 0x52, 0x4F, 0x52, 0x00, 0x00, 0x00, 0x5B, 0x55, 0x53, 0x45, 
0x52, 0x5D, 0x20, 0x43, 0x6F, 0x6E, 0x6E, 0x65, 0x63, 0x74, 0x69, 0x6F, 
0x6E, 0x20, 0x63, 0x6C, 0x6F, 0x73, 0x65, 0x64, 0x20, 0x62, 0x79, 0x20, 
0x73, 0x65, 0x72, 0x76, 0x65, 0x72, 0x2E, 0x20, 0x52, 0x65, 0x63, 0x65, 
0x69, 0x76, 0x65, 0x64, 0x20, 0x25, 0x6C, 0x75, 0x20, 0x2F, 0x20, 0x25, 
0x6C, 0x75, 0x20, 0x65, 0x78, 0x70, 0x65, 0x63, 0x74, 0x65, 0x64, 0x0D, 
0x0A, 0x00, 0x00, 0x00, 0x5B, 0x55, 0x53, 0x45, 0x52, 0x5D, 0x20, 0x53, 
0x69, 0x7A, 0x65, 0x20, 0x63, 0x6C, 0x6F, 0x73, 0x65, 0x20, 0x65, 0x6E, 
0x6F, 0x75, 0x67, 0x68, 0x20, 0xE2, 0x86, 0x92, 0x20, 0x66, 0x69, 0x6E, 
0x61, 0x6C, 0x69, 0x7A, 0x69, 0x6E, 0x67, 0x20, 0x4F, 0x54, 0x41, 0x0A, 
0x0D, 0x00, 0x00, 0x00, 0x5B, 0x55, 0x53, 0x45, 0x52, 0x5D, 0x20, 0x49, 
0x6E, 0x63, 0x6F, 0x6D, 0x70, 0x6C, 0x65, 0x74, 0x65, 0x20, 0x74, 0x72, 
0x61, 0x6E, 0x73, 0x66, 0x65, 0x72, 0x20, 0x2D, 0x20, 0x61, 0x62, 0x6F, 
0x72, 0x74, 0x69, 0x6E, 0x67, 0x0A, 0x0D, 0x00, 0x2B, 0x49, 0x50, 0x44, 
0x2C, 0x00, 0x00, 0x00, 0x5B, 0x55, 0x53, 0x45, 0x52, 0x5D, 0x20, 0x4D, 
0x61, 0x6C, 0x66, 0x6F, 0x72, 0x6D, 0x65, 0x64, 0x20, 0x2B, 0x49, 0x50, 
0x44, 0x20, 0x2D, 0x20, 0x73, 0x6B, 0x69, 0x70, 0x70, 0x69, 0x6E, 0x67, 
0x20, 0x62, 0x79, 0x74, 0x65, 0x0D, 0x00, 0x00, 0x5B, 0x44, 0x45, 0x42, 
0x55, 0x47, 0x5D, 0x20, 0x47, 0x6F, 0x74, 0x20, 0x2B, 0x49, 0x50, 0x44, 
0x20, 0x6C, 0x65, 0x6E, 0x3D, 0x25, 0x6C, 0x75, 0x2C, 0x20, 0x70, 0x61, 
0x79, 0x6C, 0x6F, 0x61, 0x64, 0x20, 0x73, 0x74, 0x61, 0x72, 0x74, 0x73, 
0x20, 0x61, 0x74, 0x20, 0x69, 0x3D, 0x25, 0x75, 0x0D, 0x0A, 0x00, 0x00, 
0x5B, 0x55, 0x53, 0x45, 0x52, 0x5D, 0x20, 0x49, 0x6E, 0x76, 0x61, 0x6C, 
0x69, 0x64, 0x20, 0x48, 0x65, 0x61, 0x64, 0x65, 0x72, 0x20, 0x52, 0x65, 
0x63, 0x65, 0x69, 0x76, 0x65, 0x64, 0x3A, 0x20, 0x6D, 0x61, 0x67, 0x69, 
0x63, 0x3D, 0x30, 0x78, 0x25, 0x30, 0x38, 0x6C, 0x58, 0x0D, 0x0A, 0x00, 
0x5B, 0x55, 0x53, 0x45, 0x52, 0x5D, 0x20, 0x41, 0x62, 0x6F, 0x72, 0x74, 
0x69, 0x6E, 0x67, 0x20, 0x4F, 0x54, 0x41, 0x2E, 0x2E, 0x2E, 0x0A, 0x0A, 
0x0D, 0x00, 0x00, 0x00, 0x5B, 0x55, 0x53, 0x45, 0x52, 0x5D, 0x20, 0x48, 
0x65, 0x61, 0x64, 0x65, 0x72, 0x20, 0x63, 0x6F, 0x6D, 0x70, 0x6C, 0x65, 
0x74, 0x65, 0x3A, 0x20, 0x6D, 0x61, 0x67, 0x69, 0x63, 0x3D, 0x30, 0x78, 
0x25, 0x30, 0x38, 0x6C, 0x58, 0x20, 0x73, 0x69, 0x7A, 0x65, 0x3D, 0x25, 
0x6C, 0x75, 0x20, 0x76, 0x65, 0x72, 0x73, 0x69, 0x6F, 0x6E, 0x3D, 0x25, 
0x6C, 0x75, 0x0D, 0x0A, 0x00, 0x00, 0x00, 0x00, 0x5B, 0x55, 0x53, 0x45, 
0x52, 0x5D, 0x20, 0x62, 0x79, 0x74, 0x65, 0x73, 0x5F, 0x72, 0x65, 0x63, 
0x65, 0x69, 0x76, 0x65, 0x64, 0x20, 0x73, 0x6F, 0x20, 0x66, 0x61, 0x72, 
0x20, 0x3D, 0x20, 0x25, 0x6C, 0x75, 0x2C, 0x20, 0x41, 0x63, 0x74, 0x75, 
0x61, 0x6C, 0x6C, 0x79, 0x20, 0x57, 0x72, 0x69, 0x74, 0x74, 0x65, 0x6E, 
0x20, 0x3D, 0x20, 0x25, 0x6C, 0x75, 0x0D, 0x0A, 0x00, 0x00, 0x00, 0x00, 
0x5B, 0x44, 0x45, 0x42, 0x55, 0x47, 0x5D, 0x20, 0x53, 0x65, 0x6E, 0x64, 
0x69, 0x6E, 0x67, 0x20, 0x61, 0x63, 0x6B, 0x20, 0x28, 0x63, 0x68, 0x75, 
0x6E, 0x6B, 0x20, 0x62, 0x79, 0x74, 0x65, 0x73, 0x20, 0x3E, 0x3D, 0x20, 
0x25, 0x64, 0x2C, 0x20, 0x74, 0x6F, 0x74, 0x61, 0x6C, 0x20, 0x72, 0x78, 
0x3D, 0x25, 0x6C, 0x75, 0x29, 0x0D, 0x0A, 0x00, 0x3E, 0x00, 0x00, 0x00, 
0x41, 0x54, 0x2B, 0x43, 0x49, 0x50, 0x53, 0x45, 0x4E, 0x44, 0x3D, 0x31, 
0x0D, 0x0A, 0x00, 0x00, 0x53, 0x45, 0x4E, 0x44, 0x20, 0x4F, 0x4B, 0x00, 
0x41, 0x00, 0x00, 0x00, 0x5B, 0x55, 0x53, 0x45, 0x52, 0x5D, 0x20, 0x41, 
0x63, 0x6B, 0x20, 0x73, 0x65, 0x6E, 0x74, 0x20, 0x73, 0x75, 0x63, 0x63, 
0x65, 0x73, 0x73, 0x66, 0x75, 0x6C, 0x6C, 0x79, 0x0A, 0x0A, 0x0D, 0x00, 
0x5B, 0x55, 0x53, 0x45, 0x52, 0x5D, 0x20, 0x41, 0x63, 0x6B, 0x20, 0x73, 
0x65, 0x6E, 0x64, 0x20, 0x66, 0x61, 0x69, 0x6C, 0x65, 0x64, 0x21, 0x0D, 
0x00, 0x00, 0x00, 0x00, 0x5B, 0x44, 0x45, 0x42, 0x55, 0x47, 0x5D, 0x20, 
0x43, 0x49, 0x50, 0x53, 0x45, 0x4E, 0x44, 0x20, 0x63, 0x6F, 0x6D, 0x6D, 
0x61, 0x6E, 0x64, 0x20, 0x66, 0x61, 0x69, 0x6C, 0x65, 0x64, 0x21, 0x0D, 
0x00, 0x00, 0x00, 0x00, 0x5B, 0x55, 0x53, 0x45, 0x52, 0x5D, 0x20, 0x46, 
0x75, 0x6C, 0x6C, 0x20, 0x4F, 0x54, 0x41, 0x20, 0x72, 0x65, 0x63, 0x65, 
0x69, 0x76, 0x65, 0x64, 0x20, 0x28, 0x25, 0x6C, 0x75, 0x20, 0x62, 0x79, 
0x74, 0x65, 0x73, 0x29, 0x20, 0xE2, 0x86, 0x92, 0x20, 0x66, 0x69, 0x6E, 
0x61, 0x6C, 0x69, 0x7A, 0x69, 0x6E, 0x67, 0x0D, 0x0A, 0x00, 0x00, 0x00, 
0x5B, 0x44, 0x45, 0x42, 0x55, 0x47, 0x5D, 0x20, 0x50, 0x75, 0x6C, 0x6C, 
0x65, 0x64, 0x20, 0x25, 0x64, 0x20, 0x62, 0x79, 0x74, 0x65, 0x73, 0x20, 
0x66, 0x72, 0x6F, 0x6D, 0x20, 0x44, 0x4D, 0x41, 0x0D, 0x0A, 0x00, 0x00, 
0x5B, 0x55, 0x53, 0x45, 0x52, 0x5D, 0x20, 0x4F, 0x54, 0x41, 0x20, 0x73, 
0x74, 0x61, 0x6C, 0x6C, 0x65, 0x64, 0x20, 0x2D, 0x20, 0x6E, 0x6F, 0x20, 
0x70, 0x72, 0x6F, 0x67, 0x72, 0x65, 0x73, 0x73, 0x20, 0x66, 0x6F, 0x72, 
0x20, 0x38, 0x73, 0x2E, 0x20, 0x52, 0x65, 0x63, 0x65, 0x69, 0x76, 0x65, 
0x64, 0x20, 0x25, 0x6C, 0x75, 0x20, 0x2F, 0x20, 0x25, 0x6C, 0x75, 0x20, 
0x65, 0x78, 0x70, 0x65, 0x63, 0x74, 0x65, 0x64, 0x0D, 0x0A, 0x00, 0x00, 
0x5B, 0x55, 0x53, 0x45, 0x52, 0x5D, 0x20, 0x43, 0x6F, 0x6E, 0x6E, 0x65, 
0x63, 0x74, 0x69, 0x6E, 0x67, 0x20, 0x74, 0x6F, 0x20, 0x57, 0x69, 0x66, 
0x69, 0x2E, 0x2E, 0x0D, 0x00, 0x00, 0x00, 0x00, 0x30, 0x38, 0x31, 0x32, 
0x30, 0x36, 0x30, 0x34, 0x00, 0x00, 0x00, 0x00, 0x6D, 0x6F, 0x74, 0x6F, 
0x00, 0x00, 0x00, 0x00, 0x5B, 0x55, 0x53, 0x45, 0x52, 0x5D, 0x20, 0x4F, 
0x62, 0x74, 0x61, 0x69, 0x6E, 0x69, 0x6E, 0x67, 0x20, 0x49, 0x50, 0x20, 
0x61, 0x64, 0x64, 0x72, 0x65, 0x73, 0x73, 0x2E, 0x2E, 0x0D, 0x00, 0x00, 
0x41, 0x54, 0x2B, 0x43, 0x49, 0x50, 0x4D, 0x55, 0x58, 0x3D, 0x30, 0x0D, 
0x0A, 0x00, 0x00, 0x00, 0x5B, 0x55, 0x53, 0x45, 0x52, 0x5D, 0x20, 0x43, 
0x6F, 0x6E, 0x6E, 0x65, 0x63, 0x74, 0x69, 0x6E, 0x67, 0x20, 0x74, 0x6F, 
0x20, 0x54, 0x43, 0x50, 0x20, 0x53, 0x45, 0x52, 0x56, 0x45, 0x52, 0x0D, 
0x00, 0x00, 0x00, 0x00, 0x31, 0x30, 0x2E, 0x33, 0x34, 0x2E, 0x32, 0x31, 
0x2E, 0x37, 0x30, 0x00, 0x41, 0x54, 0x2B, 0x43, 0x49, 0x50, 0x53, 0x54, 
0x41, 0x52, 0x54, 0x3D, 0x22, 0x54, 0x43, 0x50, 0x22, 0x2C, 0x22, 0x25, 
0x73, 0x22, 0x2C, 0x25, 0x64, 0x0D, 0x0A, 0x00, 0x43, 0x4F, 0x4E, 0x4E, 
0x45, 0x43, 0x54, 0x00, 0x5B, 0x55, 0x53, 0x45, 0x52, 0x5D, 0x20, 0x49, 
0x6E, 0x69, 0x74, 0x69, 0x61, 0x6C, 0x69, 0x7A, 0x69, 0x6E, 0x67, 0x20, 
0x57, 0x32, 0x35, 0x51, 0x20, 0x46, 0x6C, 0x61, 0x73, 0x68, 0x0D, 0x00, 
0x5B, 0x55, 0x53, 0x45, 0x52, 0x5D, 0x20, 0x53, 0x74, 0x61, 0x72, 0x74, 
0x69, 0x6E, 0x67, 0x20, 0x52, 0x65, 0x63, 0x65, 0x70, 0x74, 0x69, 0x6F, 
0x6E, 0x2E, 0x2E, 0x0D, 0x00, 0x00, 0x00, 0x00, 0x41, 0x54, 0x2B, 0x43, 
0x49, 0x50, 0x53, 0x45, 0x4E, 0x44, 0x3D, 0x25, 0x64, 0x0D, 0x0A, 0x00, 
0x47, 0x45, 0x54, 0x20, 0x66, 0x69, 0x72, 0x6D, 0x77, 0x61, 0x72, 0x65, 
0x0D, 0x0A, 0x00, 0x00, 0x5B, 0x55, 0x53, 0x45, 0x52, 0x5D, 0x20, 0x4F, 
0x54, 0x41, 0x20, 0x57, 0x72, 0x69, 0x74, 0x74, 0x65, 0x6E, 0x20, 0x53, 
0x75, 0x63, 0x63, 0x65, 0x73, 0x66, 0x75, 0x6C, 0x6C, 0x2C, 0x20, 0x44, 
0x61, 0x74, 0x61, 0x20, 0x76, 0x65, 0x72, 0x69, 0x66, 0x69, 0x65, 0x64, 
0x2E, 0x20, 0x52, 0x65, 0x62, 0x6F, 0x6F, 0x74, 0x69, 0x6E, 0x67, 0x20, 
0x4E, 0x6F, 0x77, 0x2E, 0x2E, 0x0A, 0x0A, 0x0D, 0x00, 0x00, 0x00, 0x00, 
0x41, 0x54, 0x2B, 0x43, 0x49, 0x50, 0x43, 0x4C, 0x4F, 0x53, 0x45, 0x0D, 
0x0A, 0x00, 0x00, 0x00, 0x5B, 0x55, 0x53, 0x45, 0x52, 0x5D, 0x20, 0x4F, 
0x54, 0x41, 0x20, 0x46, 0x61, 0x69, 0x6C, 0x65, 0x64, 0x2E, 0x2E, 0x20, 
0x54, 0x72, 0x79, 0x20, 0x61, 0x67, 0x61, 0x69, 0x6E, 0x0D, 0x00, 0x00, 
0x41, 0x70, 0x70, 0x6C, 0x69, 0x63, 0x61, 0x74, 0x69, 0x6F, 0x6E, 0x20, 
0x77, 0x69, 0x6C, 0x6C, 0x20, 0x72, 0x65, 0x73, 0x75, 0x6D, 0x65, 0x00, 
0x49, 0x6E, 0x73, 0x69, 0x64, 0x65, 0x20, 0x41, 0x70, 0x70, 0x6C, 0x69, 
0x63, 0x61, 0x74, 0x69, 0x6F, 0x6E, 0x2E, 0x2E, 0x20, 0x56, 0x45, 0x52, 
0x53, 0x49, 0x4F, 0x4E, 0x20, 0x25, 0x64, 0x0A, 0x00, 0x00, 0x00, 0x00, 
0x00, 0x00, 0x00, 0x00, 0x00, 0x00, 0x00, 0x00, 0x01, 0x02, 0x03, 0x04, 
0x06, 0x07, 0x08, 0x09, 0x00, 0x00, 0x00, 0x00, 0x01, 0x02, 0x03, 0x04, 
0x02, 0x03, 0x04, 0x05, 0x06, 0x07, 0x08, 0x09, 0x0A, 0x0B, 0x0C, 0x0D, 
0x0E, 0x0F, 0x10, 0x10, 0x01, 0x02, 0x23, 0x2D, 0x30, 0x2B, 0x20, 0x00, 
0x68, 0x6C, 0x4C, 0x00, 0x65, 0x66, 0x67, 0x45, 0x46, 0x47, 0x00, 0x30, 
0x31, 0x32, 0x33, 0x34, 0x35, 0x36, 0x37, 0x38, 0x39, 0x41, 0x42, 0x43, 
0x44, 0x45, 0x46, 0x00, 0x30, 0x31, 0x32, 0x33, 0x34, 0x35, 0x36, 0x37, 
0x38, 0x39, 0x61, 0x62, 0x63, 0x64, 0x65, 0x66, 0x00, 0x00, 0x00, 0x00, 
0xF8, 0xA1, 0xFF, 0x7F, 0x01, 0x00, 0x00, 0x00, 0x31, 0x45, 0x00, 0x08, 
0x0D, 0x45, 0x00, 0x08, 0x00, 0x12, 0x7A, 0x00, 0x10, 0x00, 0x00, 0x00, 
0x01, 0x00, 0x00, 0x00, 0x00, 0x00, 0x00, 0x00, 0x03, 0x00, 0x00, 0x00, 
0x20, 0x10, 0x00, 0x20, 0x1C, 0x00, 0x00, 0x20, 0x00, 0x00, 0x00, 0x00, 
0x20, 0x10, 0x00, 0x20, 0x88, 0x10, 0x00, 0x20, 0xF0, 0x10, 0x00, 0x20, 
0x00, 0x00, 0x00, 0x00, 0x00, 0x00, 0x00, 0x00, 0x00, 0x00, 0x00, 0x00, 
0x00, 0x00, 0x00, 0x00, 0x00, 0x00, 0x00, 0x00, 0x00, 0x00, 0x00, 0x00, 
0x00, 0x00, 0x00, 0x00, 0x00, 0x00, 0x00, 0x00, 0x00, 0x00, 0x00, 0x00, 
0x00, 0x00, 0x00, 0x00, 0x00, 0x00, 0x00, 0x00, 0x00, 0x00, 0x00, 0x00, 
0x00, 0x00, 0x00, 0x00, 0x00, 0x00, 0x00, 0x00, 0x00, 0x00, 0x00, 0x00, 

};
const unsigned int ota_image_bin_len = 24540;
